name,tic,ra_deg,dec_deg,tmag,depth_ppm,duration_h,t0_bjd,period_days,disposition,toi_rowupdate,score,rationale,rank
TOI-6041.01,192415680,46.061033,43.557667,9.2063,2352.0,3.534,2459890.088192,1094.062167,PC,2025-01-13 12:03:09,6372.510944006272,"depth 2352 ppm, duration 3.53 h, Tmag 9.21 → score 6373",1
TOI-7230.01,238239232,298.647053,-8.656845,13.4721,19405.0,2.64,2460530.797207,4.3041912,PC,2026-06-23 12:04:20,6372.291150182956,"depth 19405 ppm, duration 2.64 h, Tmag 13.47 → score 6372",2
TOI-1527.01,202375913,5.965461,51.468293,9.6968,2884.0,3.69,2460600.889284,5.0625809,PC,2025-05-02 16:23:22,6370.132108188414,"depth 2884 ppm, duration 3.69 h, Tmag 9.70 → score 6370",3
TOI-3673.01,452964680,8.722569,54.743514,13.2514,17069.0,2.781,2459909.495737,2.2390796,PC,2024-09-10 10:08:02,6368.3741793505305,"depth 17069 ppm, duration 2.78 h, Tmag 13.25 → score 6368",4
TOI-3820.01,95234976,115.641632,28.807132,11.5562,7391.6084773,3.1018506,2459503.092356,5.4290781,PC,2024-11-15 16:02:02,6357.837052465394,"depth 7392 ppm, duration 3.10 h, Tmag 11.56 → score 6358",5
TOI-3797.01,252912175,104.840901,48.30288,11.7983,8430.0,2.976,2459586.242515,17.6229161,PC,2024-08-22 10:08:01,6353.075815048689,"depth 8430 ppm, duration 2.98 h, Tmag 11.80 → score 6353",6
TOI-2192.01,277890574,353.281713,-76.819155,12.5625,10552.2490654,3.8202596,2459039.462278,6.2643442,PC,2024-12-05 16:02:02,6337.113290528021,"depth 10552 ppm, duration 3.82 h, Tmag 12.56 → score 6337",7
TOI-5340.01,14156936,59.309482,22.378337,11.7085,6420.0,4.696,2459519.940368,4.9393117,PC,2024-08-22 10:08:01,6334.306475294933,"depth 6420 ppm, duration 4.70 h, Tmag 11.71 → score 6334",8
TOI-3756.01,67300566,83.653007,36.939626,11.5552,10682.1531772,1.4711492,2459912.449974,4.4236732,APC,2024-09-08 10:08:02,6330.633348948684,"depth 10682 ppm, duration 1.47 h, Tmag 11.56 → score 6331",9
TOI-6997.01,357858008,282.269154,25.693224,12.6255,10730.0,3.903,2460310.677091,16.179367,PC,2024-08-24 12:02:47,6327.01694528466,"depth 10730 ppm, duration 3.90 h, Tmag 12.63 → score 6327",10
TOI-3246.01,179715231,213.538657,-37.558384,12.2936,10910.0,2.78,2459351.899577,4.319754,PC,2024-08-22 10:08:01,6325.970299212311,"depth 10910 ppm, duration 2.78 h, Tmag 12.29 → score 6326",11
TOI-6608.01,366315051,218.944637,-32.719293,12.8314,19146.0,1.481,2460093.589256,7.3144752,PC,2024-08-22 10:08:01,6325.219247861463,"depth 19146 ppm, duration 1.48 h, Tmag 12.83 → score 6325",12
TOI-6326.01,307201632,14.976875,49.034174,12.1684,9377.0,3.351,2459907.561815,2.3556749,PC,2025-09-19 12:04:41,6323.698126879835,"depth 9377 ppm, duration 3.35 h, Tmag 12.17 → score 6324",13
TOI-5207.02,147892178,142.729233,71.740257,13.2754,16244.5390069,3.0940127,2459679.677932,67.8410209,PC,2026-08-07 12:04:27,6322.494166426787,"depth 16245 ppm, duration 3.09 h, Tmag 13.28 → score 6322",14
TOI-4725.01,26587613,108.008894,15.348909,12.2651,16220.0,1.223,2459546.99513,2.0763072,PC,2025-02-05 12:03:06,6320.392926948065,"depth 16220 ppm, duration 1.22 h, Tmag 12.27 → score 6320",15
TOI-2721.01,167714124,80.421253,-38.656827,12.8482,12870.0,3.319,2459222.321706,4.162733,PC,2024-08-22 10:08:01,6316.000752933122,"depth 12870 ppm, duration 3.32 h, Tmag 12.85 → score 6316",16
TOI-6117.01,436508469,348.099929,22.34547,11.5989,5737.0,5.285,2459850.257269,9.866312,PC,2024-08-22 10:08:01,6315.785119754719,"depth 5737 ppm, duration 5.29 h, Tmag 11.60 → score 6316",17
TOI-4238.01,24615998,141.395946,-33.229454,13.3502,23100.0,1.634,2459277.637194,1.2732245,PC,2024-08-22 10:08:01,6312.450797003005,"depth 23100 ppm, duration 1.63 h, Tmag 13.35 → score 6312",18
TOI-2929.01,31975443,137.057803,-43.58446,13.2135,19130.0,2.1,2459302.03511,2.0391352,PC,2025-01-16 12:03:04,6311.384187175888,"depth 19130 ppm, duration 2.10 h, Tmag 13.21 → score 6311",19
TOI-3662.01,65446983,54.405622,46.84287,10.7043,4620.0,3.566,2458813.713584,9.9908116,PC,2024-08-22 10:08:01,6307.723460277363,"depth 4620 ppm, duration 3.57 h, Tmag 10.70 → score 6308",20
TOI-3437.01,132313173,119.412446,-41.241508,13.0707,16931.1672966,2.3425677,2459967.078218,4.9873145,PC,2024-09-10 10:08:02,6300.760566158476,"depth 16931 ppm, duration 2.34 h, Tmag 13.07 → score 6301",21
TOI-3510.01,57753734,296.354017,30.779967,12.7595,13480.0,2.772,2459772.035438,2.8724894,PC,2024-08-22 10:08:01,6297.765785802054,"depth 13480 ppm, duration 2.77 h, Tmag 12.76 → score 6298",22
TOI-3150.01,195256633,222.683091,-57.761231,12.0697,7220.0,5.101,2459357.83131,5.3430663,PC,2024-08-22 10:08:01,6286.73073091753,"depth 7220 ppm, duration 5.10 h, Tmag 12.07 → score 6287",23
TOI-3240.01,241514551,206.327123,-50.480521,12.8713,16960.0,1.93,2459357.914411,3.8600722,PC,2024-08-22 10:08:01,6279.781056887374,"depth 16960 ppm, duration 1.93 h, Tmag 12.87 → score 6280",24
TOI-2560.01,441155146,332.759205,-27.295719,13.5328,19660.0,2.634,2458348.918997,3.5511203,PC,2021-10-29 12:59:15,6270.921998731931,"depth 19660 ppm, duration 2.63 h, Tmag 13.53 → score 6271",25
TOI-3639.01,365447203,327.74025,58.840391,13.201,15720.0,3.034,2459851.117615,5.7208592,PC,2024-08-22 10:08:01,6269.895895568787,"depth 15720 ppm, duration 3.03 h, Tmag 13.20 → score 6270",26
TOI-5854.01,346154016,280.048586,20.236342,12.647,13550.0,2.449,2459795.758929,4.449914,PC,2024-08-22 10:08:01,6266.624723454834,"depth 13550 ppm, duration 2.45 h, Tmag 12.65 → score 6267",27
TOI-4259.01,268643535,117.330048,-51.261706,11.9452,11333.9389745,1.8325932,2459963.456678,8.9612626,PC,2024-09-06 10:08:02,6264.31957653061,"depth 11334 ppm, duration 1.83 h, Tmag 11.95 → score 6264",28
TOI-746.01,167418903,99.620795,-67.64895,11.3786,8276.212333,2.0361453,2458599.298747,10.9803114,PC,2024-09-19 10:08:01,6259.15933757884,"depth 8276 ppm, duration 2.04 h, Tmag 11.38 → score 6259",29
TOI-3787.01,457104362,133.072602,61.972124,13.398,15809.0676843,3.5830779,2459604.335042,4.8163162,PC,2024-09-08 10:08:02,6257.983071250841,"depth 15809 ppm, duration 3.58 h, Tmag 13.40 → score 6258",30
TOI-3628.01,238624131,12.866044,47.662806,11.6203,8254.0,2.555,2459879.231564,3.4945148,PC,2025-09-19 12:04:41,6256.045760802712,"depth 8254 ppm, duration 2.56 h, Tmag 11.62 → score 6256",31
TOI-6732.01,349891396,274.39888,-53.01713,14.2548,38320.0,1.341,2460121.49861,1.3003394,PC,2026-06-25 12:03:43,6254.316995041436,"depth 38320 ppm, duration 1.34 h, Tmag 14.25 → score 6254",32
TOI-3315.01,312030014,264.934249,-73.37763,11.8748,6900.0,4.617,2459386.216984,5.2330803,PC,2024-08-22 10:08:01,6252.720674170404,"depth 6900 ppm, duration 4.62 h, Tmag 11.87 → score 6253",33
TOI-2255.01,265146266,316.892698,74.383252,12.0836,9860.0,2.74,2459727.117395,11.9526103,PC,2024-12-20 12:02:56,6252.190415704922,"depth 9860 ppm, duration 2.74 h, Tmag 12.08 → score 6252",34
TOI-7277.01,396723723,315.462115,2.456847,13.3795,13798.0,4.614,2460543.106593,7.915274,PC,2025-08-11 12:03:48,6251.078254854437,"depth 13798 ppm, duration 4.61 h, Tmag 13.38 → score 6251",35
TOI-6295.01,456171328,52.225799,46.443043,11.4381,6252.0,3.759,2458799.419698,1106.220834,PC,2024-08-22 10:08:01,6250.793216924894,"depth 6252 ppm, duration 3.76 h, Tmag 11.44 → score 6251",36
TOI-7846.01,194721330,271.319942,-35.518968,12.103,13808.868957,1.419565,2460847.516379,3.9374688,PC,2026-06-26 12:03:39,6246.485696165161,"depth 13809 ppm, duration 1.42 h, Tmag 12.10 → score 6246",37
TOI-5242.01,426122503,287.658473,35.4957,12.789,16500.0,1.87,2459445.351035,2.4038486,PC,2025-09-19 12:04:41,6246.039803429006,"depth 16500 ppm, duration 1.87 h, Tmag 12.79 → score 6246",38
TOI-6916.01,264159776,108.382077,9.639457,12.8463,12003.0,3.72,2459222.28434,3.9155539,PC,2025-02-02 12:03:02,6241.67679011376,"depth 12003 ppm, duration 3.72 h, Tmag 12.85 → score 6242",39
TOI-4080.01,428892437,84.865203,81.54345,13.3593,17240.0,2.891,2459764.98286,3.7519831,PC,2024-10-01 12:02:54,6240.240205887364,"depth 17240 ppm, duration 2.89 h, Tmag 13.36 → score 6240",40
TOI-7869.01,188620407,350.051137,-13.049459,11.5725,5134.3277128,6.2736347,2460200.335931,43.4488182,PC,2026-07-25 12:04:08,6233.661259962092,"depth 5134 ppm, duration 6.27 h, Tmag 11.57 → score 6234",41
TOI-4218.01,142628514,118.791369,-22.611009,12.7868,12010.0,3.503,2458514.633837,2.6269521,PC,2024-08-22 10:08:01,6228.781207080689,"depth 12010 ppm, duration 3.50 h, Tmag 12.79 → score 6229",42
TOI-6111.01,189322727,309.708254,44.791967,11.6894,11944.0,1.289,2459848.780642,5.8340292,APC,2024-08-22 10:08:01,6228.683355105373,"depth 11944 ppm, duration 1.29 h, Tmag 11.69 → score 6229",43
TOI-3243.01,209707800,210.884268,-55.44311,11.7219,10320.0,1.778,2459359.347516,2.0519085,PC,2024-08-22 10:08:01,6226.809446650741,"depth 10320 ppm, duration 1.78 h, Tmag 11.72 → score 6227",44
TOI-6208.01,326475995,331.838189,53.519585,11.9806,6662.0,5.412,2459872.105147,5.2266285,PC,2024-10-02 12:02:55,6225.346403113011,"depth 6662 ppm, duration 5.41 h, Tmag 11.98 → score 6225",45
TOI-3445.01,364431259,244.138351,-41.073966,12.8311,14000.0,2.681,2459382.37766,2.9866836,PC,2024-08-22 10:08:01,6223.811670901746,"depth 14000 ppm, duration 2.68 h, Tmag 12.83 → score 6224",46
TOI-2248.01,179580045,80.624017,-70.254329,10.4653,3710.0,4.319,2460077.706461,62.1624516,PC,2024-04-25 10:08:01,6223.081828429764,"depth 3710 ppm, duration 4.32 h, Tmag 10.47 → score 6223",47
TOI-2711.01,396896334,62.594692,3.762823,13.0719,14580.0,3.08,2459190.700563,5.7604868,PC,2026-07-03 12:03:34,6218.030990607946,"depth 14580 ppm, duration 3.08 h, Tmag 13.07 → score 6218",48
TOI-3868.01,310994622,203.567211,65.128389,12.3572,9420.0,3.82,2459660.902382,18.565813,PC,2025-04-12 12:03:09,6217.88355050979,"depth 9420 ppm, duration 3.82 h, Tmag 12.36 → score 6218",49
TOI-2562.01,420177051,292.018975,77.378608,12.5945,12060.0,2.896,2459770.738717,4.0483695,PC,2025-09-09 12:04:04,6213.647134577814,"depth 12060 ppm, duration 2.90 h, Tmag 12.59 → score 6214",50
TOI-7632.01,434373518,93.744504,14.235605,13.2499,22321.579452,1.5449241,2460255.857639,19.227477,PC,2026-01-17 12:03:47,6211.528691213223,"depth 22322 ppm, duration 1.54 h, Tmag 13.25 → score 6212",51
TOI-6249.01,456260074,101.492034,66.890644,9.0449,1689.5997267,5.604929,2458853.470005,1092.002299,PC,2023-06-05 12:03:22,6209.96122416769,"depth 1690 ppm, duration 5.60 h, Tmag 9.04 → score 6210",52
TOI-2819.01,387275908,109.783871,12.776861,11.6805,8720.9304105,2.3792658,2460236.732778,4.3905983,APC,2025-04-17 16:00:02,6204.178751971558,"depth 8721 ppm, duration 2.38 h, Tmag 11.68 → score 6204",53
TOI-5571.01,88565745,106.990414,60.01161,11.2245,5900.0,3.41,2458854.228883,731.4778512,PC,2026-03-26 12:03:43,6199.107978627092,"depth 5900 ppm, duration 3.41 h, Tmag 11.22 → score 6199",54
TOI-6122.01,352442207,297.503626,54.153548,11.6925,5689.0,5.626,2459847.211624,4.6107024,PC,2024-08-22 10:08:01,6189.218253156619,"depth 5689 ppm, duration 5.63 h, Tmag 11.69 → score 6189",55
TOI-2558.01,283307274,128.24579,-25.256245,11.6919,6535.8664276,4.2520718,2459233.127609,17.7859152,PC,2025-07-09 16:00:02,6183.344772737382,"depth 6536 ppm, duration 4.25 h, Tmag 11.69 → score 6183",56
TOI-7119.01,420383981,344.8819,54.888207,12.2118,9482.0,3.253,2460422.161169,2.5933417,PC,2026-09-01 12:03:47,6175.640158223543,"depth 9482 ppm, duration 3.25 h, Tmag 12.21 → score 6176",57
TOI-2644.01,385332171,181.692982,-16.510294,10.9206,6711.0590566,1.9764395,2459300.317115,9.7439744,APC,2021-10-29 12:59:15,6174.656791199243,"depth 6711 ppm, duration 1.98 h, Tmag 10.92 → score 6175",58
TOI-5001.01,95709395,243.403564,-33.496496,12.1641,8170.0,4.185,2459379.729414,5.069043,PC,2024-08-22 10:08:01,6169.497430628951,"depth 8170 ppm, duration 4.18 h, Tmag 12.16 → score 6169",59
TOI-4074.01,628103717,29.423373,63.90459,12.6844,11871.0,3.2,2459906.211599,3.2175013,PC,2024-08-22 10:08:01,6168.538705720723,"depth 11871 ppm, duration 3.20 h, Tmag 12.68 → score 6169",60
TOI-1879.01,243335710,289.861603,59.670112,12.9935,10116.0470111,5.8535412,2459703.289921,13.7045951,PC,2024-02-15 12:03:00,6166.236514280573,"depth 10116 ppm, duration 5.85 h, Tmag 12.99 → score 6166",61
TOI-5338.01,467615239,78.172728,22.505924,13.1504,17800.0,2.184,2459522.34129,2.6429687,PC,2024-11-26 12:03:11,6165.471851580252,"depth 17800 ppm, duration 2.18 h, Tmag 13.15 → score 6165",62
TOI-4776.01,196286578,125.554446,-25.067535,11.6309,6720.0,3.774,2459245.97102,10.4137997,PC,2024-08-22 10:08:01,6160.1348736293785,"depth 6720 ppm, duration 3.77 h, Tmag 11.63 → score 6160",63
TOI-2584.01,458641144,125.108796,7.588913,12.731,12380.0,3.056,2459245.2948,4.6965638,PC,2024-01-23 12:02:45,6153.147411382706,"depth 12380 ppm, duration 3.06 h, Tmag 12.73 → score 6153",64
TOI-3751.01,284173938,68.629023,32.476637,12.8826,12630.0,3.375,2459910.877562,2.9157041,PC,2026-08-06 12:03:27,6152.055420593158,"depth 12630 ppm, duration 3.38 h, Tmag 12.88 → score 6152",65
TOI-3476.01,272983172,237.008308,-50.692487,12.6718,13290.0,2.51,2459385.89681,4.3205081,PC,2024-08-22 10:08:01,6151.794814543779,"depth 13290 ppm, duration 2.51 h, Tmag 12.67 → score 6152",66
TOI-3573.01,407905370,336.998619,38.28595,11.438,6510.0,3.341,2458747.792229,9.8170028,PC,2024-10-07 12:02:50,6136.478633402484,"depth 6510 ppm, duration 3.34 h, Tmag 11.44 → score 6136",67
TOI-2223.01,273695332,18.689893,-81.982165,12.0599,6887.4200394,5.2921448,2459365.146877,6.9309657,PC,2024-09-01 12:02:56,6136.1000064330365,"depth 6887 ppm, duration 5.29 h, Tmag 12.06 → score 6136",68
TOI-4882.01,458331312,159.546802,-54.579059,11.2673,7040.0,2.438,2459329.594358,4.4360402,PC,2024-08-22 10:08:01,6132.386371216429,"depth 7040 ppm, duration 2.44 h, Tmag 11.27 → score 6132",69
TOI-6364.01,407517154,2.732086,78.899729,13.2114,13915.0,3.737,2459899.625001,25.8866192,PC,2024-08-22 10:08:01,6130.060483495454,"depth 13915 ppm, duration 3.74 h, Tmag 13.21 → score 6130",70
TOI-7877.01,262846252,24.692662,2.116237,12.2497,9504.6780477,3.2957,2460984.33067,5.6813692,PC,2026-07-25 12:04:08,6123.098510581835,"depth 9505 ppm, duration 3.30 h, Tmag 12.25 → score 6123",71
TOI-6523.01,167720788,103.402787,-64.437403,12.8603,11239.0,4.133,2460908.229186,7.809463,PC,2026-07-23 16:00:02,6120.689857606621,"depth 11239 ppm, duration 4.13 h, Tmag 12.86 → score 6121",72
TOI-6605.01,263207857,230.389105,-66.264426,13.4442,14968.0,3.98,2460087.153755,12.2981251,PC,2024-08-22 10:08:01,6113.153634551735,"depth 14968 ppm, duration 3.98 h, Tmag 13.44 → score 6113",73
TOI-4012.01,280315875,41.39883,66.359231,13.3507,21650.0,1.744,2459883.126997,1.82544,PC,2024-08-22 10:08:01,6110.702505795683,"depth 21650 ppm, duration 1.74 h, Tmag 13.35 → score 6111",74
TOI-5505.01,374350678,160.866036,3.9587,12.8078,15290.0,2.12,2459573.870053,11.1064221,PC,2024-08-22 10:08:01,6109.637115133341,"depth 15290 ppm, duration 2.12 h, Tmag 12.81 → score 6110",75
TOI-5302.01,337025682,32.249191,8.057199,13.0557,18430.0,1.832,2459490.634183,4.2417694,PC,2024-08-22 10:08:01,6107.283352040474,"depth 18430 ppm, duration 1.83 h, Tmag 13.06 → score 6107",76
TOI-5884.01,13574009,320.450532,23.926451,10.5002,4240.0,3.283,2459822.29685,5.8311038,PC,2024-08-22 10:08:01,6101.846777689316,"depth 4240 ppm, duration 3.28 h, Tmag 10.50 → score 6102",77
TOI-3849.01,147890655,142.086945,66.950156,13.2705,20110.0,1.871,2459938.035061,1.2220437,PC,2026-07-17 12:03:25,6100.268692153069,"depth 20110 ppm, duration 1.87 h, Tmag 13.27 → score 6100",78
TOI-2957.01,463469906,153.779587,-54.937282,13.5248,19629.0085308,2.4818244,2460014.569549,1.5314941,PC,2024-09-10 10:08:02,6099.9164809766,"depth 19629 ppm, duration 2.48 h, Tmag 13.52 → score 6100",79
TOI-3958.01,279383896,349.685957,63.250498,11.5687,5497.3001958,5.2145528,2459864.071397,12.0031646,PC,2026-09-22 12:04:07,6095.621443076821,"depth 5497 ppm, duration 5.21 h, Tmag 11.57 → score 6096",80
TOI-7305.01,262148317,318.717595,7.671521,13.4847,14290.0,4.503,2460553.593628,13.9753579,PC,2025-03-07 12:05:24,6093.168696934526,"depth 14290 ppm, duration 4.50 h, Tmag 13.48 → score 6093",81
TOI-5237.01,435740442,297.495261,29.891252,12.4705,13920.0,1.858,2459444.873065,2.9889845,PC,2024-08-22 10:08:01,6082.2195118473,"depth 13920 ppm, duration 1.86 h, Tmag 12.47 → score 6082",82
TOI-3245.01,203476998,217.801851,-23.054805,12.6561,10130.0,4.148,2459354.766143,2.8977031,PC,2024-08-22 10:08:01,6071.6792262349545,"depth 10130 ppm, duration 4.15 h, Tmag 12.66 → score 6072",83
TOI-3700.01,417676091,82.250858,68.481405,12.8166,12333.3914621,3.2423132,2460286.353547,4.4184429,PC,2024-09-10 10:08:02,6070.0182724966,"depth 12333 ppm, duration 3.24 h, Tmag 12.82 → score 6070",84
TOI-5851.01,277329402,292.681077,12.393071,12.8137,14400.0,2.372,2459790.948702,4.5049415,PC,2026-07-30 12:03:44,6069.876214822374,"depth 14400 ppm, duration 2.37 h, Tmag 12.81 → score 6070",85
TOI-346.01,118327533,10.344507,-37.34302,12.7291,14010.0,2.317,2460192.019645,16.56308,PC,2024-04-23 10:09:23,6068.497148119687,"depth 14010 ppm, duration 2.32 h, Tmag 12.73 → score 6068",86
TOI-6562.01,368713985,220.299751,-32.363352,11.7584,5981.4894009,5.1910541,2460071.647261,4.0947485,PC,2023-07-21 12:03:15,6063.970990743381,"depth 5981 ppm, duration 5.19 h, Tmag 11.76 → score 6064",87
TOI-3242.01,209923610,211.181028,-55.447698,12.3666,10600.0,2.892,2459356.230477,3.0001627,PC,2024-08-22 10:08:01,6061.56839135587,"depth 10600 ppm, duration 2.89 h, Tmag 12.37 → score 6062",88
TOI-4028.01,406634633,355.230606,69.974452,13.0911,16160.0,2.42,2459884.285896,3.9589142,PC,2026-09-09 12:03:38,6055.207629397232,"depth 16160 ppm, duration 2.42 h, Tmag 13.09 → score 6055",89
TOI-2961.01,446684383,156.12964,-49.765876,12.2985,10220.0,2.91,2459325.992412,4.6259138,PC,2025-02-03 12:03:45,6049.192294675785,"depth 10220 ppm, duration 2.91 h, Tmag 12.30 → score 6049",90
TOI-275.01,373844472,81.516646,-67.232772,11.0611,9180.0,1.153,2460041.96466,0.9195617,APC,2023-08-10 16:02:02,6046.963328379556,"depth 9180 ppm, duration 1.15 h, Tmag 11.06 → score 6047",91
TOI-3559.01,184468386,296.381383,39.959925,11.5948,8272.7904433,2.3204775,2459770.25382,2.5402287,PC,2024-09-07 10:08:02,6046.17487586575,"depth 8273 ppm, duration 2.32 h, Tmag 11.59 → score 6046",92
TOI-1891.01,139198430,345.630986,-46.085195,9.3059,3321.0,1.745,2460176.504188,15.3617729,APC,2023-11-15 16:02:02,6039.299828728372,"depth 3321 ppm, duration 1.75 h, Tmag 9.31 → score 6039",93
TOI-3518.01,1712954983,288.773993,30.785472,13.3015,19190.0,2.068,2458710.180785,2.9661661,PC,2024-08-22 10:08:01,6033.235001872847,"depth 19190 ppm, duration 2.07 h, Tmag 13.30 → score 6033",94
TOI-7788.01,23847464,237.734608,-28.345343,12.7202,13267.1371577,2.532896,2460798.981686,3.2160092,PC,2026-06-08 12:03:46,6033.17465644179,"depth 13267 ppm, duration 2.53 h, Tmag 12.72 → score 6033",95
TOI-3706.01,252430813,76.825224,59.729551,13.4223,15001.3632154,3.7808822,2460286.769995,4.3701795,PC,2024-09-10 10:08:02,6032.082873405155,"depth 15001 ppm, duration 3.78 h, Tmag 13.42 → score 6032",96
TOI-3163.01,425316308,191.088792,-55.013313,11.8232,8540.0,2.67,2459357.894877,3.0749168,PC,2024-08-22 10:08:01,6026.615737940285,"depth 8540 ppm, duration 2.67 h, Tmag 11.82 → score 6027",97
TOI-5832.01,287934343,300.997003,21.216507,12.776,11560.0,3.504,2459795.478353,5.1357505,PC,2025-09-03 12:05:55,6026.149238406886,"depth 11560 ppm, duration 3.50 h, Tmag 12.78 → score 6026",98
TOI-7843.01,55578720,271.833667,-33.775714,12.206,9592.4834678,3.0091775,2460843.81279,6.5835571,PC,2026-06-26 12:03:39,6024.971020325858,"depth 9592 ppm, duration 3.01 h, Tmag 12.21 → score 6025",99
TOI-2876.01,10827386,110.247353,-21.114638,11.7038,9530.0,1.918,2459248.364238,6.2996307,PC,2024-08-22 10:08:01,6022.228114961732,"depth 9530 ppm, duration 1.92 h, Tmag 11.70 → score 6022",100
TOI-6347.01,467690903,61.169664,34.186114,11.2367,5042.0,4.438,2459935.419244,3.9332583,PC,2024-08-22 10:08:01,6009.751164543199,"depth 5042 ppm, duration 4.44 h, Tmag 11.24 → score 6010",101
TOI-5826.01,48253329,298.181417,-14.356986,11.7134,7400.0,3.191,2459788.107629,2.8140207,PC,2024-08-22 10:08:01,6005.029176318358,"depth 7400 ppm, duration 3.19 h, Tmag 11.71 → score 6005",102
TOI-6777.01,32443914,290.594959,-31.383219,11.9656,6992.0,4.502,2460150.328123,3.3615701,PC,2024-09-12 12:02:47,6000.454748889955,"depth 6992 ppm, duration 4.50 h, Tmag 11.97 → score 6000",103
TOI-5330.01,436843539,40.451187,24.102318,12.4333,9270.0,3.94,2459884.465962,4.6303272,PC,2024-08-22 10:08:01,6000.229268269106,"depth 9270 ppm, duration 3.94 h, Tmag 12.43 → score 6000",104
TOI-6485.01,281286325,150.95699,-19.2825,13.4446,13730.0,4.558,2460013.556944,17.0180939,PC,2024-08-22 10:08:01,5999.812765110148,"depth 13730 ppm, duration 4.56 h, Tmag 13.44 → score 6000",105
TOI-3417.01,332710679,150.389098,-16.126786,13.4736,18840.0,2.481,2459279.352082,2.7194615,PC,2026-06-30 12:03:36,5993.414036045026,"depth 18840 ppm, duration 2.48 h, Tmag 13.47 → score 5993",106
TOI-3196.01,331297805,212.596515,-60.138326,12.4383,11450.0,2.587,2459351.787159,4.9816829,PC,2024-08-22 10:08:01,5991.612263860842,"depth 11450 ppm, duration 2.59 h, Tmag 12.44 → score 5992",107
TOI-2916.01,76663549,140.683121,-45.092394,13.108,17400.0,2.075,2459303.128643,3.9216762,PC,2024-08-22 10:08:01,5990.434153737766,"depth 17400 ppm, duration 2.08 h, Tmag 13.11 → score 5990",108
TOI-4125.01,147761049,109.305384,70.780189,12.72,11242.4339671,3.4748078,2460316.849484,4.7155974,PC,2024-09-10 10:08:02,5988.605974702144,"depth 11242 ppm, duration 3.47 h, Tmag 12.72 → score 5989",109
TOI-2785.01,300204369,92.815098,-41.721945,13.099,15910.0,2.459,2459221.348058,11.5054399,PC,2024-08-22 10:08:01,5987.554011038085,"depth 15910 ppm, duration 2.46 h, Tmag 13.10 → score 5988",110
TOI-5930.01,88266880,304.053952,16.450619,11.0235,4500.0,4.539,2459817.983009,3.7984372,PC,2025-08-12 12:03:45,5984.014058259913,"depth 4500 ppm, duration 4.54 h, Tmag 11.02 → score 5984",111
TOI-618.01,173640199,112.570665,-39.33963,10.1277,3110.0,4.156,2459972.603908,7.7614672,PC,2023-04-04 16:02:02,5978.030940252179,"depth 3110 ppm, duration 4.16 h, Tmag 10.13 → score 5978",112
TOI-4458.01,229671380,252.125998,74.76375,11.0672,4051.5089426,5.8132051,2459392.576251,3.939371,PC,2024-11-14 10:08:02,5975.642739167931,"depth 4052 ppm, duration 5.81 h, Tmag 11.07 → score 5976",113
TOI-354.01,100097716,24.047859,-42.303706,11.3534,8545.0,1.7,2459140.430589,3.0002084,APC,2022-10-20 16:02:02,5973.880457471963,"depth 8545 ppm, duration 1.70 h, Tmag 11.35 → score 5974",114
TOI-4031.01,389968080,277.325439,55.320525,13.2687,18214.2478783,2.1788712,2459588.254771,10.0462596,PC,2026-06-25 12:03:43,5967.425720677255,"depth 18214 ppm, duration 2.18 h, Tmag 13.27 → score 5967",115
TOI-931.01,206474443,57.336855,-47.91819,11.5458,7370.0,2.722,2459169.291398,3.2452094,PC,2024-09-07 10:08:02,5966.938316014168,"depth 7370 ppm, duration 2.72 h, Tmag 11.55 → score 5967",116
TOI-5186.01,68453985,291.589776,17.06358,12.2428,9960.0,2.828,2459416.39218,2.503254,PC,2024-08-22 10:08:01,5962.646202804032,"depth 9960 ppm, duration 2.83 h, Tmag 12.24 → score 5963",117
TOI-5831.01,308504559,285.940869,-0.427822,10.9653,5870.0,2.51,2459786.127171,3.7846792,PC,2025-09-23 12:05:12,5962.315619359265,"depth 5870 ppm, duration 2.51 h, Tmag 10.97 → score 5962",118
TOI-2843.01,79030066,103.639572,-20.288853,13.4949,18080.0,2.714,2459224.597973,1.8882882,PC,2024-08-22 10:08:01,5956.941673647509,"depth 18080 ppm, duration 2.71 h, Tmag 13.49 → score 5957",119
TOI-318.01,206352378,355.015732,-53.039017,13.2316,18855.6336929,1.9560091,2459065.374875,3.7463765,PC,2024-04-25 10:08:01,5953.968985519279,"depth 18856 ppm, duration 1.96 h, Tmag 13.23 → score 5954",120
TOI-7887.01,319608890,101.100478,-49.985768,12.9974,10581.4917006,5.0023595,2460979.775761,35.7453903,PC,2026-07-25 12:04:08,5951.882451959478,"depth 10581 ppm, duration 5.00 h, Tmag 13.00 → score 5952",121
TOI-7794.01,441919395,283.57671,-18.251323,12.3998,9024.1151982,3.964755,2460826.120236,4.7464662,PC,2026-06-08 12:03:46,5950.491079094983,"depth 9024 ppm, duration 3.96 h, Tmag 12.40 → score 5950",122
TOI-6816.01,278525028,332.424127,-36.96281,13.0109,9304.0,6.548,2460163.798501,10.9267866,PC,2024-08-22 10:08:01,5950.37089953871,"depth 9304 ppm, duration 6.55 h, Tmag 13.01 → score 5950",123
TOI-3582.01,290308758,307.292565,50.076925,12.7937,11250.0,3.659,2459816.901929,4.4168832,PC,2026-08-05 12:05:27,5944.204295188744,"depth 11250 ppm, duration 3.66 h, Tmag 12.79 → score 5944",124
TOI-5230.01,55778666,182.33384,57.503601,13.1924,14520.0,3.169,2459630.986564,7.1452343,PC,2025-02-17 12:03:27,5942.20644373382,"depth 14520 ppm, duration 3.17 h, Tmag 13.19 → score 5942",125
TOI-6906.01,195192253,129.178395,19.173801,13.6336,19986.4253524,2.5101218,2460260.963304,3.4770171,PC,2024-02-16 12:02:59,5941.040645538276,"depth 19986 ppm, duration 2.51 h, Tmag 13.63 → score 5941",126
TOI-7312.01,292023054,322.968532,9.789942,11.6721,6567.0,3.805,2460555.350036,4.2990991,PC,2025-09-03 12:05:55,5930.951147799712,"depth 6567 ppm, duration 3.81 h, Tmag 11.67 → score 5931",127
TOI-2535.01,204698337,185.529463,-24.943187,12.7024,11810.0,3.038,2458576.764481,16.4452725,PC,2026-04-04 12:03:54,5930.124105672932,"depth 11810 ppm, duration 3.04 h, Tmag 12.70 → score 5930",128
TOI-4819.01,82739585,124.904596,-43.057211,13.0819,22530.0,1.183,2459277.359548,1.5889429,PC,2025-05-02 12:03:25,5927.527316147574,"depth 22530 ppm, duration 1.18 h, Tmag 13.08 → score 5928",129
TOI-3334.01,160930264,276.041754,-51.036649,12.8757,12690.0,3.075,2458680.862806,1.9242952,PC,2024-08-22 10:08:01,5918.943333318126,"depth 12690 ppm, duration 3.08 h, Tmag 12.88 → score 5919",130
TOI-7633.01,234603808,96.348911,0.153834,13.0042,14227.9863678,2.7511417,2460682.036124,3.6746814,PC,2026-01-17 12:03:47,5916.432584369499,"depth 14228 ppm, duration 2.75 h, Tmag 13.00 → score 5916",131
TOI-6462.01,453009027,123.016335,2.78237,11.9319,7202.0,3.999,2459980.581682,3.8720204,PC,2024-08-22 10:08:01,5916.281354372057,"depth 7202 ppm, duration 4.00 h, Tmag 11.93 → score 5916",132
TOI-7327.01,279472966,317.062808,20.347435,13.4215,13539.0,4.451,2460552.846016,5.0789699,PC,2025-03-07 12:05:24,5909.018985827544,"depth 13539 ppm, duration 4.45 h, Tmag 13.42 → score 5909",133
TOI-6689.01,410119093,327.447985,-70.455057,12.7602,12670.8512175,2.7601938,2460127.625425,4.1287427,PC,2024-09-21 12:02:59,5905.213166788167,"depth 12671 ppm, duration 2.76 h, Tmag 12.76 → score 5905",134
TOI-2244.01,1989628303,308.563502,-48.274841,9.1984,4010.0,1.036,2459039.62778,5.46377,PC,2025-10-17 12:03:54,5903.971472222884,"depth 4010 ppm, duration 1.04 h, Tmag 9.20 → score 5904",135
TOI-1858.01,424733642,199.412592,22.850101,12.8777,20760.0,1.144,2459691.122281,2.0912089,PC,2022-09-08 10:10:02,5900.656880278219,"depth 20760 ppm, duration 1.14 h, Tmag 12.88 → score 5901",136
TOI-6521.01,382187347,81.237585,-57.035477,14.9198,41493.0,1.874,2460033.08159,3.581253,PC,2024-08-22 10:08:01,5893.857471841665,"depth 41493 ppm, duration 1.87 h, Tmag 14.92 → score 5894",137
TOI-5879.01,258037656,328.351781,21.414161,14.3602,37790.0,1.348,2459848.100684,4.0331416,PC,2025-09-09 12:04:04,5890.902543474007,"depth 37790 ppm, duration 1.35 h, Tmag 14.36 → score 5891",138
TOI-5694.01,23638678,216.830952,-7.547545,14.4753,51180.0,0.817,2459717.468321,1.1544795,APC,2025-04-07 12:03:13,5890.488464240396,"depth 51180 ppm, duration 0.82 h, Tmag 14.48 → score 5890",139
TOI-2557.01,269400980,119.245948,-49.473563,11.2047,5116.722044,4.0164674,2459238.558507,9.8302309,PC,2025-07-10 10:08:01,5888.083342552451,"depth 5117 ppm, duration 4.02 h, Tmag 11.20 → score 5888",140
TOI-311.01,434105231,354.335773,-13.455795,12.9517,20952.5433734,1.1937665,2459448.318374,0.7963207,APC,2026-01-10 10:08:01,5879.717253567647,"depth 20953 ppm, duration 1.19 h, Tmag 12.95 → score 5880",141
TOI-2191.01,262471759,313.40292,-36.821547,12.8641,14587.5117969,2.2686483,2459037.349685,4.0115394,PC,2022-08-16 12:02:37,5875.499684725802,"depth 14588 ppm, duration 2.27 h, Tmag 12.86 → score 5875",142
TOI-4772.01,455153906,124.547133,2.581065,13.3319,17030.0,2.561,2459248.942017,2.8894603,PC,2024-08-22 10:08:01,5875.427033923292,"depth 17030 ppm, duration 2.56 h, Tmag 13.33 → score 5875",143
TOI-917.01,207237016,49.816476,-59.400109,11.2459,5967.2243425,3.0511383,2459104.563086,26.4126517,PC,2024-04-25 10:08:01,5872.503882105293,"depth 5967 ppm, duration 3.05 h, Tmag 11.25 → score 5873",144
TOI-6110.01,7439480,212.929098,-29.97494,13.0739,23010.0,1.105,2459360.305123,1.2541235,PC,2023-05-27 12:02:46,5872.428770003859,"depth 23010 ppm, duration 1.10 h, Tmag 13.07 → score 5872",145
TOI-5565.01,117892246,131.227011,45.466192,12.932,11570.0,3.835,2459600.94115,3.2601896,PC,2026-04-01 12:06:25,5872.405585831404,"depth 11570 ppm, duration 3.83 h, Tmag 12.93 → score 5872",146
TOI-6859.01,237909527,21.648785,-63.96451,12.6565,10071.0,3.922,2460188.562657,9.6804752,PC,2024-08-22 10:08:01,5868.490294021388,"depth 10071 ppm, duration 3.92 h, Tmag 12.66 → score 5868",147
TOI-2939.01,5485318,149.759485,-22.94676,12.6819,9790.0,4.24,2459273.922515,4.8306667,PC,2024-08-22 10:08:01,5862.537316172986,"depth 9790 ppm, duration 4.24 h, Tmag 12.68 → score 5863",148
TOI-7021.01,233855268,304.209848,56.590341,12.2564,5687.0,8.483,2459881.26001,49.5355004,PC,2024-09-20 12:02:42,5859.734808080376,"depth 5687 ppm, duration 8.48 h, Tmag 12.26 → score 5860",149
TOI-4280.01,387193925,304.700911,-58.687351,13.1296,13820.0,3.21,2459055.690823,3.518972,PC,2024-08-22 10:08:01,5859.230174990504,"depth 13820 ppm, duration 3.21 h, Tmag 13.13 → score 5859",150
TOI-5613.01,165413340,159.612015,27.062548,11.7963,8060.0,2.762,2459615.444572,12.782983,PC,2024-08-22 10:08:01,5857.157182876964,"depth 8060 ppm, duration 2.76 h, Tmag 11.80 → score 5857",151
TOI-6559.01,313671132,202.157881,-62.169938,10.0778,2996.0,4.101,2460071.107871,733.3796728,PC,2023-07-21 12:03:15,5853.649218594323,"depth 2996 ppm, duration 4.10 h, Tmag 10.08 → score 5854",152
TOI-7446.01,374122973,31.293062,60.003144,13.4348,19700.0,2.087,2460635.953424,3.5044728,PC,2026-07-21 12:03:42,5851.503251536686,"depth 19700 ppm, duration 2.09 h, Tmag 13.43 → score 5852",153
TOI-3909.01,161003569,222.163355,53.834829,12.3758,9290.0,3.527,2459688.544439,3.5115357,PC,2024-08-22 10:08:01,5841.958181361686,"depth 9290 ppm, duration 3.53 h, Tmag 12.38 → score 5842",154
TOI-3141.01,394443982,200.21869,-73.774851,12.4712,9180.0,3.93,2459382.058438,4.4338805,PC,2024-08-22 10:08:01,5831.7507835836,"depth 9180 ppm, duration 3.93 h, Tmag 12.47 → score 5832",155
TOI-6374.01,468501184,13.872298,73.464164,12.7022,10846.0,3.482,2459933.264523,4.5944948,PC,2025-12-26 12:03:32,5831.0126485847895,"depth 10846 ppm, duration 3.48 h, Tmag 12.70 → score 5831",156
TOI-7175.01,26999884,356.316355,53.750777,9.54026,2479.3671334,3.621007,2460607.53278,2.9944941,PC,2026-05-07 12:03:59,5830.4694225633875,"depth 2479 ppm, duration 3.62 h, Tmag 9.54 → score 5830",157
TOI-3298.01,407772585,274.804997,-71.793902,12.2415,12440.0,1.731,2459388.724951,3.0537856,PC,2024-08-22 10:08:01,5830.004826405028,"depth 12440 ppm, duration 1.73 h, Tmag 12.24 → score 5830",158
TOI-3941.01,345697569,356.407097,55.225972,12.9307,13332.0,2.842,2459880.907454,2.8817718,PC,2024-08-22 10:08:01,5828.6414681409715,"depth 13332 ppm, duration 2.84 h, Tmag 12.93 → score 5829",159
TOI-7307.01,372077289,324.585335,41.176051,12.1023,6259.0,6.011,2460566.453403,23.955645,PC,2025-03-07 12:05:24,5827.9835268190245,"depth 6259 ppm, duration 6.01 h, Tmag 12.10 → score 5828",160
TOI-3431.01,270649648,136.852675,4.289924,13.1291,12270.0,4.027,2459247.431756,3.919695,PC,2024-08-22 10:08:01,5827.944100580561,"depth 12270 ppm, duration 4.03 h, Tmag 13.13 → score 5828",161
TOI-3171.01,399058051,162.996504,-69.590115,13.5735,16439.1877398,3.3750912,2460041.247652,1.5706704,PC,2024-09-07 10:08:02,5825.364589590276,"depth 16439 ppm, duration 3.38 h, Tmag 13.57 → score 5825",162
TOI-5022.01,208772468,245.215993,-57.641596,13.1509,17150.0,2.1,2459385.707127,2.244541,PC,2024-08-22 10:08:01,5823.629961664063,"depth 17150 ppm, duration 2.10 h, Tmag 13.15 → score 5824",163
TOI-4084.01,346673534,280.779456,20.21884,12.8934,12980.0,2.888,2459751.832931,15.634183,PC,2024-08-22 10:08:01,5819.602032893385,"depth 12980 ppm, duration 2.89 h, Tmag 12.89 → score 5820",164
TOI-6609.01,291668351,217.985495,-54.400652,13.2079,13164.0,3.75,2460083.77241,12.9414603,PC,2024-08-22 10:08:01,5818.667054693356,"depth 13164 ppm, duration 3.75 h, Tmag 13.21 → score 5819",165
TOI-5192.01,336125492,281.06595,38.007341,12.5231,8600.0,4.672,2459416.096484,4.7271324,PC,2026-01-31 12:04:12,5816.0732597544265,"depth 8600 ppm, duration 4.67 h, Tmag 12.52 → score 5816",166
TOI-6409.01,97279971,106.450137,-35.256137,12.2411,9499.0,2.951,2459987.356029,1.5304279,PC,2026-02-06 12:03:31,5813.564462655278,"depth 9499 ppm, duration 2.95 h, Tmag 12.24 → score 5814",167
TOI-4880.01,245099574,198.004287,-53.449373,12.8382,11480.0,3.494,2459329.598741,3.4717583,PC,2025-07-22 12:04:25,5807.153934985188,"depth 11480 ppm, duration 3.49 h, Tmag 12.84 → score 5807",168
TOI-2952.01,302527524,134.192664,-68.510453,12.6359,13750.0,2.021,2459351.667704,10.7844934,PC,2025-01-28 12:03:10,5806.385347696135,"depth 13750 ppm, duration 2.02 h, Tmag 12.64 → score 5806",169
TOI-3758.01,280254984,41.323613,69.106259,12.5489,10160.0,3.415,2459736.687477,3.4177514,PC,2025-10-31 12:04:28,5805.091399314605,"depth 10160 ppm, duration 3.42 h, Tmag 12.55 → score 5805",170
TOI-4220.01,346995484,117.353395,-14.564683,13.475,18720.0,2.352,2459251.118701,1.9138779,PC,2024-08-22 10:08:01,5794.613889956588,"depth 18720 ppm, duration 2.35 h, Tmag 13.47 → score 5795",171
TOI-6614.01,149179763,81.700204,-65.289713,12.5738,12286.0,2.379,2460150.584875,25.0709977,PC,2024-08-22 10:08:01,5792.255785285883,"depth 12286 ppm, duration 2.38 h, Tmag 12.57 → score 5792",172
TOI-1938.01,128449971,219.389377,-42.0294,10.7347,5160.2020899,2.4782523,2459346.073496,12.7060866,APC,2025-05-19 12:03:23,5791.612133116582,"depth 5160 ppm, duration 2.48 h, Tmag 10.73 → score 5792",173
TOI-6319.01,12980264,34.500986,62.763401,11.5706,5999.0,3.959,2459906.8349,3.2964006,PC,2024-12-10 12:03:04,5790.973969965257,"depth 5999 ppm, duration 3.96 h, Tmag 11.57 → score 5791",174
TOI-4168.01,372758077,173.833691,79.413053,11.447,6575.439488,2.9371293,2459394.256621,29.3821476,PC,2026-07-17 12:03:25,5787.43755707585,"depth 6575 ppm, duration 2.94 h, Tmag 11.45 → score 5787",175
TOI-7286.01,452741216,327.750007,29.710001,12.7283,9221.0,4.858,2460568.169556,10.7994273,PC,2025-03-07 12:05:24,5785.578322717671,"depth 9221 ppm, duration 4.86 h, Tmag 12.73 → score 5786",176
TOI-5567.01,456335739,135.139415,49.451496,13.2573,14390.0,3.245,2459585.367829,13.62636,PC,2024-08-22 10:08:01,5783.731781541989,"depth 14390 ppm, duration 3.25 h, Tmag 13.26 → score 5784",177
TOI-7046.01,201899356,40.587028,-59.46639,12.1788,9902.0,2.534,2459139.157588,3.1084574,PC,2024-11-05 12:03:04,5779.180078930499,"depth 9902 ppm, duration 2.53 h, Tmag 12.18 → score 5779",178
TOI-5498.01,262736264,149.366582,5.171006,12.6811,10830.0,3.347,2459554.026541,18.2050594,PC,2024-08-22 10:08:01,5764.16378883647,"depth 10830 ppm, duration 3.35 h, Tmag 12.68 → score 5764",179
TOI-5937.01,158552665,287.542561,42.667453,13.3872,15800.0,3.007,2459797.53357,21.0685273,PC,2024-08-22 10:08:01,5758.160963962823,"depth 15800 ppm, duration 3.01 h, Tmag 13.39 → score 5758",180
TOI-4487.01,193754373,306.422081,45.971031,11.4923,5820.0,3.869,2459818.051018,3.9540617,PC,2026-07-13 12:03:58,5757.87655301368,"depth 5820 ppm, duration 3.87 h, Tmag 11.49 → score 5758",181
TOI-1119.01,261369656,292.604815,-46.278074,10.5024,3830.0,3.588,2458666.52199,10.95663,APC,2021-10-29 12:59:15,5756.320826057029,"depth 3830 ppm, duration 3.59 h, Tmag 10.50 → score 5756",182
TOI-7785.01,115018003,201.891869,-1.652109,14.4211,37329.5408106,1.393879,2460798.514722,1.2932682,PC,2026-06-08 12:03:46,5753.673124421026,"depth 37330 ppm, duration 1.39 h, Tmag 14.42 → score 5754",183
TOI-6928.01,45376816,92.343212,23.791831,13.3511,14344.0,3.523,2460284.495498,3.8978437,PC,2025-01-30 12:03:06,5753.161932400023,"depth 14344 ppm, duration 3.52 h, Tmag 13.35 → score 5753",184
TOI-6881.01,431899136,56.22842,45.507976,12.7034,11495.0,3.021,2459934.873589,1.9769396,PC,2025-12-25 12:03:50,5753.131995217928,"depth 11495 ppm, duration 3.02 h, Tmag 12.70 → score 5753",185
TOI-3533.01,313408643,308.562722,35.395056,11.9114,8360.0,2.75,2459823.894332,4.3167817,PC,2024-08-22 10:08:01,5749.004179207935,"depth 8360 ppm, duration 2.75 h, Tmag 11.91 → score 5749",186
TOI-3160.01,440872576,224.565856,-27.68255,11.9333,8670.0,2.606,2459355.823345,3.9712794,PC,2024-09-01 12:02:56,5745.7444094097855,"depth 8670 ppm, duration 2.61 h, Tmag 11.93 → score 5746",187
TOI-6224.01,66726479,341.866559,52.395133,13.2049,18149.0,1.916,2459881.612767,1.5554236,PC,2025-10-25 12:03:57,5742.0960526486515,"depth 18149 ppm, duration 1.92 h, Tmag 13.20 → score 5742",188
TOI-7386.01,296354161,125.348879,-13.507755,12.3256,6642.539062,6.3533818,2460693.847326,6.0042191,PC,2025-04-11 12:03:11,5737.419356830676,"depth 6643 ppm, duration 6.35 h, Tmag 12.33 → score 5737",189
TOI-2629.01,259901731,41.51867,-68.957624,13.1508,11370.1513147,4.6321783,2460134.412089,11.4856846,PC,2024-08-22 10:08:01,5734.543853047565,"depth 11370 ppm, duration 4.63 h, Tmag 13.15 → score 5735",190
TOI-7795.01,68792475,295.488718,-18.979296,11.738,6449.1673752,3.9176837,2460822.181021,3.9948066,PC,2026-06-08 12:03:46,5733.480412604903,"depth 6449 ppm, duration 3.92 h, Tmag 11.74 → score 5733",191
TOI-6510.01,361154154,143.692557,-63.735512,12.2544,7798.0,4.309,2459987.504092,37.98781,PC,2024-08-22 10:08:01,5731.805936005441,"depth 7798 ppm, duration 4.31 h, Tmag 12.25 → score 5732",192
TOI-6370.01,251705938,46.542182,57.075669,12.0907,7343.0,4.175,2459934.386386,2.9124991,PC,2025-01-15 12:03:15,5728.77503466445,"depth 7343 ppm, duration 4.17 h, Tmag 12.09 → score 5729",193
TOI-6587.01,131312528,191.679388,-35.418044,12.2657,9188.0,3.129,2460039.044084,17.0116833,PC,2024-08-22 10:08:01,5725.109112043441,"depth 9188 ppm, duration 3.13 h, Tmag 12.27 → score 5725",194
TOI-7443.01,22659404,28.345661,30.310019,12.7658,12816.0,2.548,2460632.210599,2.7472062,PC,2025-10-07 12:03:51,5723.902277536071,"depth 12816 ppm, duration 2.55 h, Tmag 12.77 → score 5724",195
TOI-2995.01,36381058,150.061473,-44.016324,12.796,12290.0,2.847,2460015.453891,1.6566182,PC,2024-08-22 10:08:01,5721.970526601532,"depth 12290 ppm, duration 2.85 h, Tmag 12.80 → score 5722",196
TOI-3149.01,296670796,223.977871,-61.063084,13.4841,15460.0,3.377,2459359.710881,1.1542402,PC,2026-06-11 12:03:27,5710.248651320618,"depth 15460 ppm, duration 3.38 h, Tmag 13.48 → score 5710",197
TOI-7290.01,62501513,318.927621,51.246027,12.4646,9271.0,3.671,2460581.58444,3.776966,PC,2026-08-25 12:05:28,5709.509150531647,"depth 9271 ppm, duration 3.67 h, Tmag 12.46 → score 5710",198
TOI-4289.01,278540265,121.188359,-82.065763,12.0021,6820.0,4.43,2459385.628111,2.9757428,PC,2024-08-22 10:08:01,5709.081433557507,"depth 6820 ppm, duration 4.43 h, Tmag 12.00 → score 5709",199
TOI-2676.01,420016507,35.419766,0.513621,12.7082,10060.0,3.901,2459168.078836,3.4082154,PC,2024-08-22 10:08:01,5708.814821211847,"depth 10060 ppm, duration 3.90 h, Tmag 12.71 → score 5709",200
TOI-5833.01,213875310,293.921021,3.847794,13.1692,15750.0,2.433,2459793.44982,2.6721807,PC,2026-07-22 12:04:49,5708.363395486946,"depth 15750 ppm, duration 2.43 h, Tmag 13.17 → score 5708",201
TOI-1012.01,427508467,117.095285,6.785064,8.12718,1890.0,1.621,2459252.509595,0.884182,APC,2023-03-10 12:02:48,5700.5572500037015,"depth 1890 ppm, duration 1.62 h, Tmag 8.13 → score 5701",202
TOI-2956.01,463508231,154.066894,-55.712617,12.445,14790.0,1.411,2459332.120551,4.127728,PC,2024-08-22 10:08:01,5698.121178422284,"depth 14790 ppm, duration 1.41 h, Tmag 12.45 → score 5698",203
TOI-6480.01,81089255,122.694102,-43.853401,11.8409,6713.0,3.922,2460010.445952,750.2395535,PC,2024-08-22 10:08:01,5694.956902715234,"depth 6713 ppm, duration 3.92 h, Tmag 11.84 → score 5695",204
TOI-7644.01,64250123,111.17447,-2.991594,13.3849,14523.6261278,3.4713692,2460670.408988,14.0580067,PC,2026-01-17 12:03:47,5693.056101638175,"depth 14524 ppm, duration 3.47 h, Tmag 13.38 → score 5693",205
TOI-7707.01,123365281,31.227268,-30.949354,12.9726,13059.7027321,2.9272954,2460933.964925,2.6103949,PC,2026-03-06 12:03:41,5683.901807996691,"depth 13060 ppm, duration 2.93 h, Tmag 12.97 → score 5684",206
TOI-5699.01,224328450,251.226157,31.21077,10.4488,3736.0,3.48,2459704.151933,22.0183163,PC,2024-08-15 10:08:02,5668.0867634845545,"depth 3736 ppm, duration 3.48 h, Tmag 10.45 → score 5668",207
TOI-7365.01,120737368,354.237939,27.906954,13.2497,14119.0,3.211,2460580.641468,3.1924816,PC,2025-04-11 12:03:11,5664.793603793518,"depth 14119 ppm, duration 3.21 h, Tmag 13.25 → score 5665",208
TOI-5615.01,235711993,252.934906,80.123028,13.0669,13190.0,3.098,2459919.252913,11.7672708,PC,2024-08-22 10:08:01,5654.647047504689,"depth 13190 ppm, duration 3.10 h, Tmag 13.07 → score 5655",209
TOI-3037.01,376209245,179.184668,-56.756623,13.146,13310.0,3.272,2459328.686851,2.1357662,PC,2024-08-22 10:08:01,5654.37624095195,"depth 13310 ppm, duration 3.27 h, Tmag 13.15 → score 5654",210
TOI-5207.01,147892178,142.729233,71.740257,13.2754,13290.0,3.696,2459585.838983,24.6951647,PC,2024-08-22 10:08:01,5653.416241209143,"depth 13290 ppm, duration 3.70 h, Tmag 13.28 → score 5653",211
TOI-2964.01,439512298,143.626372,-56.592738,12.484,10410.0,2.906,2459329.670307,3.8331282,PC,2024-08-22 10:08:01,5653.2544659591085,"depth 10410 ppm, duration 2.91 h, Tmag 12.48 → score 5653",212
TOI-3556.01,230840853,312.536937,29.983516,12.7054,13140.0,2.232,2459823.668611,4.118418,APC,2024-08-22 10:08:01,5647.580894458741,"depth 13140 ppm, duration 2.23 h, Tmag 12.71 → score 5648",213
TOI-6410.01,142916753,119.337294,-18.758919,12.6159,8719.0,4.667,2459979.307311,5.1491091,PC,2025-12-27 12:03:41,5646.841244089751,"depth 8719 ppm, duration 4.67 h, Tmag 12.62 → score 5647",214
TOI-5263.01,275527293,304.702586,41.970517,13.1549,16270.0,2.201,2459442.190431,3.1501356,PC,2024-09-01 12:02:56,5645.697104145891,"depth 16270 ppm, duration 2.20 h, Tmag 13.15 → score 5646",215
TOI-363.01,262530780,20.547265,-44.862146,12.9465,16190.0,1.834,2458361.87743,8.22388,APC,2021-10-29 12:59:15,5644.773423864403,"depth 16190 ppm, duration 1.83 h, Tmag 12.95 → score 5645",216
TOI-4945.01,332017079,215.249404,-53.136559,13.184,14270.0,2.937,2459357.969995,1.6500255,PC,2024-08-22 10:08:01,5643.856285202561,"depth 14270 ppm, duration 2.94 h, Tmag 13.18 → score 5644",217
TOI-3576.01,405897415,300.917036,52.080676,12.9084,11400.0,3.569,2459845.232047,4.6387689,PC,2024-09-20 12:02:42,5642.845055361791,"depth 11400 ppm, duration 3.57 h, Tmag 12.91 → score 5643",218
TOI-6769.01,304430662,259.595573,-62.931814,12.976,10855.0,4.185,2460118.790382,5.6858804,PC,2024-08-22 10:08:01,5639.979935402651,"depth 10855 ppm, duration 4.18 h, Tmag 12.98 → score 5640",219
TOI-3035.01,390444761,160.76911,-63.878462,13.156,14540.0,2.752,2459353.344487,5.2803048,PC,2024-08-22 10:08:01,5638.825061862698,"depth 14540 ppm, duration 2.75 h, Tmag 13.16 → score 5639",220
TOI-7339.01,202059363,101.400549,9.190722,11.2817,4956.8756791,4.2108332,2460680.715075,4.2471039,PC,2026-09-08 16:00:01,5637.052063263935,"depth 4957 ppm, duration 4.21 h, Tmag 11.28 → score 5637",221
TOI-7448.01,104153474,44.078355,49.377685,12.8502,9760.0,4.594,2460629.552439,5.0458476,PC,2026-07-21 12:03:42,5629.960049642208,"depth 9760 ppm, duration 4.59 h, Tmag 12.85 → score 5630",222
TOI-7024.01,354032153,168.703812,53.511708,14.0905,30553.0,1.467,2459634.914183,1.9639208,PC,2026-07-15 12:03:17,5625.600879856998,"depth 30553 ppm, duration 1.47 h, Tmag 14.09 → score 5626",223
TOI-4661.01,441135051,40.520173,-17.50173,11.858,9550.0,1.92,2459156.854569,8.8085782,PC,2024-08-22 10:08:01,5624.1123261666335,"depth 9550 ppm, duration 1.92 h, Tmag 11.86 → score 5624",224
TOI-6831.01,380884709,16.276924,8.444581,10.7052,3388.0,5.271,2460150.88151,57.1050077,PC,2024-09-20 12:02:42,5621.470161172852,"depth 3388 ppm, duration 5.27 h, Tmag 10.71 → score 5621",225
TOI-3100.01,162620529,170.330028,-44.30802,13.1472,15760.0,2.309,2459330.083468,3.2907468,PC,2024-08-22 10:08:01,5621.188894977849,"depth 15760 ppm, duration 2.31 h, Tmag 13.15 → score 5621",226
TOI-4622.01,94727308,60.22656,31.691067,16.1779,52197.5005433,3.4301667,2459474.773371,1.2969404,APC,2023-04-05 12:02:46,5619.883603208967,"depth 52198 ppm, duration 3.43 h, Tmag 16.18 → score 5620",227
TOI-3117.01,73082014,189.667798,-45.416556,13.4259,15890.0,2.931,2459332.173033,3.2689953,PC,2024-09-01 12:02:56,5616.319507101409,"depth 15890 ppm, duration 2.93 h, Tmag 13.43 → score 5616",228
TOI-5692.01,37150278,232.046386,-10.555269,12.5806,14820.0,1.546,2459717.172631,1.6929628,PC,2026-07-15 12:03:17,5614.782639494406,"depth 14820 ppm, duration 1.55 h, Tmag 12.58 → score 5615",229
TOI-6511.01,303030789,155.164204,-69.488366,12.7121,9216.0,4.511,2460001.825924,21.5962209,PC,2025-01-26 12:03:34,5613.825121487826,"depth 9216 ppm, duration 4.51 h, Tmag 12.71 → score 5614",230
TOI-7779.01,434620877,254.783907,-17.950456,11.4045,6833.4713954,2.4583534,2460799.614671,2.8987252,PC,2026-06-08 12:03:46,5611.300646580764,"depth 6833 ppm, duration 2.46 h, Tmag 11.40 → score 5611",231
TOI-6737.01,171886633,255.458652,-56.815904,13.0057,12974.0,2.979,2460119.938915,2.8475582,PC,2024-08-22 10:08:01,5610.081173469045,"depth 12974 ppm, duration 2.98 h, Tmag 13.01 → score 5610",232
TOI-6514.01,439618305,143.52393,-54.905421,11.9783,6216.0,5.03,2460034.691388,4.0236761,PC,2026-03-06 12:03:41,5605.766427986366,"depth 6216 ppm, duration 5.03 h, Tmag 11.98 → score 5606",233
TOI-2561.01,422385684,318.600471,66.404803,12.1504,8510.0,3.142,2459852.046181,2.7754004,PC,2023-02-06 10:10:02,5603.413220372328,"depth 8510 ppm, duration 3.14 h, Tmag 12.15 → score 5603",234
TOI-5312.01,399724238,21.075658,4.531542,12.3207,8460.0,3.718,2459450.251093,46.1965072,PC,2024-08-22 10:08:01,5602.541158987785,"depth 8460 ppm, duration 3.72 h, Tmag 12.32 → score 5603",235
TOI-3622.01,432761635,14.164419,39.891611,13.2595,13772.0,3.325,2459879.077421,3.2131823,PC,2026-08-21 12:03:44,5597.483716429326,"depth 13772 ppm, duration 3.33 h, Tmag 13.26 → score 5597",236
TOI-6113.01,116631353,318.523748,35.079027,12.307,6245.0,6.715,2459845.197517,4.9218915,PC,2024-08-22 10:08:01,5593.136922892388,"depth 6245 ppm, duration 6.71 h, Tmag 12.31 → score 5593",237
TOI-5514.01,63190194,156.673491,13.018643,13.4277,18190.0,2.217,2459575.660235,1.7459947,PC,2024-08-22 10:08:01,5586.959788935581,"depth 18190 ppm, duration 2.22 h, Tmag 13.43 → score 5587",238
TOI-2809.01,45655786,149.034708,-38.088834,10.9095,5175.0320686,2.6922287,2459989.98865,3.1660849,PC,2024-01-17 10:08:02,5585.589565983964,"depth 5175 ppm, duration 2.69 h, Tmag 10.91 → score 5586",239
TOI-7815.01,913035,328.308839,-11.38639,11.6909,5984.4745562,4.1323304,2460827.338433,5.5248485,PC,2026-06-08 12:03:46,5583.976012114589,"depth 5984 ppm, duration 4.13 h, Tmag 11.69 → score 5584",240
TOI-3147.01,359572563,183.820158,-75.568053,13.0237,16180.0,1.925,2459386.392509,1.5256634,PC,2024-08-22 10:08:01,5577.683720512724,"depth 16180 ppm, duration 1.93 h, Tmag 13.02 → score 5578",241
TOI-2369.01,220068921,83.913807,4.82797,12.1227,7858.2885229,3.5587224,2460989.763421,3.3651586,PC,2026-06-18 16:00:04,5577.441530664406,"depth 7858 ppm, duration 3.56 h, Tmag 12.12 → score 5577",242
TOI-3805.01,189852832,94.899684,42.313594,12.7251,13340.0,2.15,2458860.700619,3.8960447,PC,2025-02-19 12:03:21,5576.414650765889,"depth 13340 ppm, duration 2.15 h, Tmag 12.73 → score 5576",243
TOI-5023.01,213111428,257.123769,-51.531661,14.9582,68800.0,0.632,2459386.471282,2.2749988,PC,2025-07-22 12:04:25,5575.79730184779,"depth 68800 ppm, duration 0.63 h, Tmag 14.96 → score 5576",244
TOI-5201.01,267810289,293.096015,58.368884,13.306,13730.0,3.462,2459686.760358,3.8558229,PC,2024-08-22 10:08:01,5573.577816756389,"depth 13730 ppm, duration 3.46 h, Tmag 13.31 → score 5574",245
TOI-1973.01,47617161,220.4268,-33.826133,10.7565,5155.2335962,2.3461465,2459335.074889,3.9194856,PC,2025-07-09 16:00:02,5573.4731414528815,"depth 5155 ppm, duration 2.35 h, Tmag 10.76 → score 5573",246
TOI-3814.01,155873992,139.838463,66.803273,12.4988,8623.7001528,4.1704262,2459606.149028,4.9513106,PC,2025-08-28 12:03:58,5572.163713657431,"depth 8624 ppm, duration 4.17 h, Tmag 12.50 → score 5572",247
TOI-3661.01,370123525,21.792202,58.96064,12.8309,11090.0,3.42,2459906.755964,2.6480838,PC,2024-10-02 12:02:55,5568.838191383719,"depth 11090 ppm, duration 3.42 h, Tmag 12.83 → score 5569",248
TOI-2581.01,37862966,65.854872,-10.471779,12.9754,12480.0,3.085,2459192.543648,3.5838508,PC,2024-10-29 12:02:50,5568.807036788799,"depth 12480 ppm, duration 3.08 h, Tmag 12.98 → score 5569",249
TOI-7200.01,205044976,288.992867,-10.525068,13.3775,18438.0,2.042,2460500.369706,5.0660693,PC,2025-03-07 12:05:24,5562.136972157016,"depth 18438 ppm, duration 2.04 h, Tmag 13.38 → score 5562",250
TOI-3664.01,348437470,35.308494,59.711857,12.91,13404.0,2.511,2459906.709615,3.2975093,PC,2024-09-04 12:02:50,5561.062492838404,"depth 13404 ppm, duration 2.51 h, Tmag 12.91 → score 5561",251
TOI-6730.01,382521776,12.358885,-53.914944,12.8021,11541.7099365,3.0547623,2460186.072113,4.3934744,PC,2024-07-01 12:03:09,5550.586391974319,"depth 11542 ppm, duration 3.05 h, Tmag 12.80 → score 5551",252
TOI-7807.01,69538264,297.02919,-18.603412,12.2441,7819.7430792,3.9676098,2460824.559654,3.0780547,PC,2026-06-08 12:03:46,5541.622800839646,"depth 7820 ppm, duration 3.97 h, Tmag 12.24 → score 5542",253
TOI-3675.01,34646336,45.204618,27.31965,13.4326,12419.1287881,4.6924078,2459479.09838,5.9577768,PC,2024-09-10 10:08:02,5536.929640301013,"depth 12419 ppm, duration 4.69 h, Tmag 13.43 → score 5537",254
TOI-7231.01,89362689,289.7986,28.916802,12.8434,13656.0,2.254,2460531.193621,11.0658881,PC,2026-07-22 12:04:49,5535.036179404843,"depth 13656 ppm, duration 2.25 h, Tmag 12.84 → score 5535",255
TOI-7773.01,49729638,241.219024,-8.49573,12.5813,11226.9527235,2.618982,2460795.244729,3.2397806,PC,2026-06-08 12:03:46,5534.369491804401,"depth 11227 ppm, duration 2.62 h, Tmag 12.58 → score 5534",256
TOI-6261.01,181748381,132.055241,-39.686292,10.4441,3962.0,2.934,2460013.716939,5.4920894,PC,2026-06-11 12:03:27,5531.265766313622,"depth 3962 ppm, duration 2.93 h, Tmag 10.44 → score 5531",257
TOI-6756.01,314193010,278.470062,-40.168552,13.4559,12554.0,4.672,2460121.785937,4.9354155,PC,2025-09-03 12:05:55,5525.270459120236,"depth 12554 ppm, duration 4.67 h, Tmag 13.46 → score 5525",258
TOI-2797.01,206897186,97.187829,7.699212,13.194,13070.0,3.385,2459225.127962,4.2380604,PC,2024-08-22 10:08:01,5524.015952598172,"depth 13070 ppm, duration 3.38 h, Tmag 13.19 → score 5524",259
TOI-7485.01,441122551,324.837407,-24.684266,13.7585,18938.3068072,2.7109339,2460805.366309,3.3870505,PC,2025-09-04 12:04:12,5523.325174850501,"depth 18938 ppm, duration 2.71 h, Tmag 13.76 → score 5523",260
TOI-6395.01,191998744,103.802923,45.324206,11.475,5247.0,4.309,2459958.614324,2.8140328,PC,2025-01-06 12:03:13,5522.036986922842,"depth 5247 ppm, duration 4.31 h, Tmag 11.47 → score 5522",261
TOI-7241.01,456401439,305.773054,15.801685,11.629,9130.0,1.639,2460532.793481,6.3377947,PC,2025-03-07 12:05:24,5520.269166737306,"depth 9130 ppm, duration 1.64 h, Tmag 11.63 → score 5520",262
TOI-3641.01,192878624,49.858978,44.746406,13.3405,11834.0,4.718,2459908.641154,5.7361495,PC,2024-09-07 10:08:02,5519.63720345837,"depth 11834 ppm, duration 4.72 h, Tmag 13.34 → score 5520",263
TOI-7085.01,364571121,310.682122,53.447772,14.7751,48647.0,1.046,2460554.822529,2.202258,APC,2025-07-22 12:04:25,5518.2567766795355,"depth 48647 ppm, duration 1.05 h, Tmag 14.78 → score 5518",264
TOI-3285.01,114181798,295.315233,-35.246927,12.6771,11200.0,2.856,2459058.994886,2.7022764,PC,2024-08-22 10:08:01,5516.671504200048,"depth 11200 ppm, duration 2.86 h, Tmag 12.68 → score 5517",265
TOI-5775.01,289666986,56.240106,77.464603,14.8831,26190.0,3.969,2459765.105281,2.4369467,PC,2026-08-30 12:03:53,5506.251548346082,"depth 26190 ppm, duration 3.97 h, Tmag 14.88 → score 5506",266
TOI-7897.01,455073386,77.636214,0.17283,12.6832,12216.4316633,2.404391,2461039.49062,3.2637989,PC,2026-07-25 12:04:08,5505.628669613008,"depth 12216 ppm, duration 2.40 h, Tmag 12.68 → score 5506",267
TOI-5354.01,34781378,46.330681,28.185824,12.0664,7220.0,3.898,2459520.861271,4.7949288,PC,2024-08-22 10:08:01,5503.996067854627,"depth 7220 ppm, duration 3.90 h, Tmag 12.07 → score 5504",268
TOI-4954.01,147723246,232.789568,-53.777178,12.69,9100.0,4.357,2459352.202579,6.6819653,PC,2024-08-22 10:08:01,5503.4518642789635,"depth 9100 ppm, duration 4.36 h, Tmag 12.69 → score 5503",269
TOI-1307.01,236815160,283.637489,59.763193,10.7967,5119.2473247,2.4058383,2459391.543865,2.5346232,APC,2026-09-18 16:00:01,5501.730707271906,"depth 5119 ppm, duration 2.41 h, Tmag 10.80 → score 5502",270
TOI-4088.01,302381397,100.081046,76.553069,12.2523,10460.0,2.201,2459912.553706,2.7284428,PC,2024-08-22 10:08:01,5500.240832014867,"depth 10460 ppm, duration 2.20 h, Tmag 12.25 → score 5500",271
TOI-5483.01,192982424,142.586792,12.70639,12.2304,10030.0,2.343,2459574.246156,3.7702854,PC,2024-08-22 10:08:01,5496.763824134524,"depth 10030 ppm, duration 2.34 h, Tmag 12.23 → score 5497",272
TOI-6780.01,419738713,324.480301,-66.436672,13.0863,11282.0,4.073,2460132.486562,13.4570562,PC,2024-08-22 10:08:01,5496.462893872856,"depth 11282 ppm, duration 4.07 h, Tmag 13.09 → score 5496",273
TOI-877.01,255704097,99.11511,-50.297401,10.6237,5341.6796352,1.8775214,2459174.826371,6.015802,APC,2024-08-15 10:08:02,5491.996929423297,"depth 5342 ppm, duration 1.88 h, Tmag 10.62 → score 5492",274
TOI-5250.01,278105308,302.751801,23.34472,11.7781,8350.0,2.222,2459446.167966,5.4463931,PC,2024-08-22 10:08:01,5488.308342487898,"depth 8350 ppm, duration 2.22 h, Tmag 11.78 → score 5488",275
TOI-7318.01,387414814,318.324173,2.596101,13.316,16151.0,2.448,2460555.372343,3.4220041,PC,2025-03-07 12:05:24,5487.8865394300565,"depth 16151 ppm, duration 2.45 h, Tmag 13.32 → score 5488",276
TOI-5185.01,462808933,277.589668,16.908527,12.3595,7750.0,4.399,2459414.668268,4.2788309,PC,2024-08-22 10:08:01,5483.76308241356,"depth 7750 ppm, duration 4.40 h, Tmag 12.36 → score 5484",277
TOI-3089.01,347715478,182.850444,-11.997569,12.4641,11570.0,2.171,2459564.484168,9.3096136,PC,2024-08-22 10:08:01,5480.791370036589,"depth 11570 ppm, duration 2.17 h, Tmag 12.46 → score 5481",278
TOI-583.01,131743355,118.476378,-39.992999,9.3761,4049.0,1.028,2460002.878449,6.5604227,PC,2025-06-04 10:08:01,5471.725904262161,"depth 4049 ppm, duration 1.03 h, Tmag 9.38 → score 5472",279
TOI-4709.01,317328621,87.490493,-12.835212,12.8771,11490.0,3.209,2459220.512929,6.2397532,APC,2025-12-20 12:05:40,5471.228931301398,"depth 11490 ppm, duration 3.21 h, Tmag 12.88 → score 5471",280
TOI-5891.01,202941251,304.450192,30.687351,11.3909,5000.0,4.307,2459823.631848,4.1784844,PC,2025-09-16 12:04:11,5468.616144013592,"depth 5000 ppm, duration 4.31 h, Tmag 11.39 → score 5469",281
TOI-7215.01,23912656,313.272302,-7.474875,12.368,10283.0,2.502,2460528.863508,2.7705702,PC,2025-03-07 12:05:24,5465.922737114096,"depth 10283 ppm, duration 2.50 h, Tmag 12.37 → score 5466",282
TOI-6164.01,239542854,341.795489,26.939935,12.6951,17237.0,1.203,2459850.906915,3.6948038,PC,2024-08-22 10:08:01,5464.8028056693265,"depth 17237 ppm, duration 1.20 h, Tmag 12.70 → score 5465",283
TOI-5422.01,80611440,86.843617,25.626034,11.2391,4420.7451206,4.7792512,2460235.918085,5.3767997,PC,2024-11-18 16:02:01,5462.046652025359,"depth 4421 ppm, duration 4.78 h, Tmag 11.24 → score 5462",284
TOI-4277.01,466682238,295.351296,-76.219867,13.2152,13200.0,3.306,2460100.006815,3.2738129,PC,2024-08-22 10:08:01,5459.908389263315,"depth 13200 ppm, duration 3.31 h, Tmag 13.22 → score 5460",285
TOI-3950.01,334394274,331.078789,61.627934,13.3364,14430.0,3.091,2459851.55939,3.4488281,PC,2024-10-06 12:02:45,5458.028934143945,"depth 14430 ppm, duration 3.09 h, Tmag 13.34 → score 5458",286
TOI-3287.01,113117112,292.757611,-31.633962,13.0201,12100.0,3.285,2459055.33599,2.7176413,PC,2024-08-22 10:08:01,5457.994042129988,"depth 12100 ppm, duration 3.29 h, Tmag 13.02 → score 5458",287
TOI-3866.01,376632626,192.736417,30.685937,13.2252,15620.0,2.38,2459660.52553,2.1371195,PC,2024-08-22 10:08:01,5456.692843196609,"depth 15620 ppm, duration 2.38 h, Tmag 13.23 → score 5457",288
TOI-4193.01,382419744,35.04738,-54.10332,12.7464,8260.0,5.472,2458397.745101,6.5081212,PC,2024-08-22 10:08:01,5454.727903357722,"depth 8260 ppm, duration 5.47 h, Tmag 12.75 → score 5455",289
TOI-2905.01,260120451,130.961641,-45.972021,12.41,8580.0,3.716,2459998.015443,11.8790678,PC,2024-08-22 10:08:01,5451.61453170247,"depth 8580 ppm, duration 3.72 h, Tmag 12.41 → score 5452",290
TOI-3304.01,381789320,270.132239,-52.68301,12.0148,7980.0,2.985,2459384.958497,3.4930546,PC,2024-10-22 12:03:03,5451.487982981886,"depth 7980 ppm, duration 2.98 h, Tmag 12.01 → score 5451",291
TOI-6755.01,381468938,269.585917,-51.797559,13.0852,13636.0,2.737,2460111.552813,5.7585993,PC,2024-08-22 10:08:01,5448.593290501001,"depth 13636 ppm, duration 2.74 h, Tmag 13.09 → score 5449",292
TOI-2631.01,140067837,330.103141,-48.71064,12.4487,10550.9077716,2.5431694,2459065.405366,6.6314357,PC,2024-08-22 10:08:01,5448.004673623301,"depth 10551 ppm, duration 2.54 h, Tmag 12.45 → score 5448",293
TOI-3901.01,357373216,218.336542,52.385972,13.3215,17300.0,2.112,2459681.957257,9.546972,PC,2026-07-08 12:04:59,5446.193406677946,"depth 17300 ppm, duration 2.11 h, Tmag 13.32 → score 5446",294
TOI-4264.01,45996325,150.080535,-39.65956,11.8471,7782.0821448,2.6816352,2459989.671183,3.1580472,PC,2024-09-06 10:08:02,5443.46781656237,"depth 7782 ppm, duration 2.68 h, Tmag 11.85 → score 5443",295
TOI-7789.01,37126544,231.763728,-10.124817,11.1767,3948.2931684,5.6169845,2460791.316715,6.2948958,PC,2026-06-08 12:03:46,5442.782818057181,"depth 3948 ppm, duration 5.62 h, Tmag 11.18 → score 5443",296
TOI-6421.01,107617930,111.153147,-25.071762,13.2808,13942.0,3.127,2459985.803053,3.750778,PC,2024-08-22 10:08:01,5441.6301270245285,"depth 13942 ppm, duration 3.13 h, Tmag 13.28 → score 5442",297
TOI-6855.01,274017513,33.933641,-49.443527,12.1227,8665.0,2.783,2460165.854371,26.3333899,PC,2024-10-07 12:02:50,5438.575603876685,"depth 8665 ppm, duration 2.78 h, Tmag 12.12 → score 5439",298
TOI-4035.01,372392226,332.124123,68.904553,13.0874,14333.0,2.473,2459907.065594,3.0295916,PC,2024-09-08 10:08:02,5438.375103219719,"depth 14333 ppm, duration 2.47 h, Tmag 13.09 → score 5438",299
TOI-310.01,175477257,351.105814,-36.975998,12.4191,8610.3886424,3.7002918,2459090.953132,4.2695675,PC,2024-04-25 10:08:01,5436.516882890473,"depth 8610 ppm, duration 3.70 h, Tmag 12.42 → score 5437",300
