spec,name,tic,ra_deg,dec_deg,epoch_label,position_source,tmag,query_utc,n_gaia,gaia_source_id,gaia_ra,gaia_dec,pmra,pmdec,parallax,g_mag,match_is_brightest,pm_total_masyr,shift_16yr_mas,res2015_ra_mas,res2015_dec_mas,res2015_mas,res2000_ra_mas,res2000_dec_mas,res2000_mas,epoch_class,reason,query_error
campaigns/toi-125-04.yaml,TOI-125.04,52368076,23.593425,-66.676349,J2000.0,NASA Exoplanet Archive TOI table,10.1985,2026-09-25T21:18:52Z,1,4698692748651744128,23.593383482097043,-66.67636655288563,-119.55021506524318,-123.03028758755181,9.062315614411387,10.717915,True,171.548,2744.768,-0.598,1.675,1.779,-1853.627,-1905.294,2658.210,J2015.5,,
campaigns/toi-1301-02.yaml,TOI-1301.02,356867115,275.862543,71.581748,J2000.0,NASA Exoplanet Archive TOI table,10.5216,2026-09-25T21:19:37Z,1,2266490873877571712,275.86252441394157,71.58175981889626,-43.14558259462142,85.82935578705454,10.967317984068133,11.136648,True,96.064,1537.018,-0.433,0.367,0.567,-669.189,1330.722,1489.508,J2015.5,,
campaigns/toi-1772-02.yaml,TOI-1772.02,85293053,156.837704,34.39095,J2000.0,NASA Exoplanet Archive TOI table,9.3523,2026-09-25T21:19:50Z,1,749676822006222464,156.83769741563518,34.39094714102108,-39.38548468899362,-18.934849070584868,10.271862534903144,9.804727,True,43.701,699.210,-0.132,0.825,0.835,-610.607,-292.665,677.122,J2015.5,,
campaigns/toi-1812-01.yaml,TOI-1812.01,207425167,242.747885,58.294553,J2000.0,NASA Exoplanet Archive TOI table,11.6463,2026-09-25T21:20:01Z,1,1623130061703102592,242.74789017367885,58.294553234735545,20.63226405445664,0.16302424037294094,5.75999775076335,12.2048235,True,20.633,330.127,0.528,-0.764,0.928,320.328,1.763,320.333,J2015.5,,
campaigns/toi-1835-02.yaml,TOI-1835.02,347332255,189.839224,20.027338,J2000.0,NASA Exoplanet Archive TOI table,7.6621,2026-09-25T21:20:10Z,1,3948424496764080640,189.83921219676338,20.02732318550514,-81.70285411189406,-104.53236113729693,31.03687554605237,8.184688,True,132.674,2122.783,-0.929,1.066,1.414,-1267.324,-1619.186,2056.179,J2015.5,,
campaigns/toi-1893-01.yaml,TOI-1893.01,264544388,326.438392,79.613939,J2000.0,NASA Exoplanet Archive TOI table,8.43389,2026-09-25T21:20:22Z,2,2285334677815121152,326.4384101199256,79.61394191968898,23.456003349483417,18.27583351868652,7.402697018068215,8.697689,True,29.735,475.765,-0.032,-1.373,1.373,363.536,281.902,460.030,J2015.5,,
campaigns/toi-1896-01.yaml,TOI-1896.01,174302697,352.17861,47.349521,J2000.0,NASA Exoplanet Archive TOI table,8.88374,2026-09-25T21:20:37Z,2,1938752502320406400,352.17862167425574,47.34952139440602,56.96442389105341,0.18567142137447434,5.886973407281995,9.19351,True,56.965,911.436,0.008,-1.327,1.327,882.956,1.551,882.958,J2015.5,,
campaigns/toi-2003-01.yaml,TOI-2003.01,58463434,201.527127,-27.41256,J2000.0,NASA Exoplanet Archive TOI table,9.6569,2026-09-25T21:20:47Z,1,6189286849812601216,201.52712505606362,-27.412561149558975,-12.126255839230334,-11.559647992092962,2.405935169512713,9.911768,True,16.753,268.052,0.149,-1.641,1.648,-187.808,-180.816,260.703,J2015.5,,
campaigns/toi-2007-01.yaml,TOI-2007.01,219466784,209.858415,74.151228,J2000.0,NASA Exoplanet Archive TOI table,10.199,2026-09-25T21:20:58Z,1,1711633081221292800,209.85844775874622,74.1512191490083,64.51495043386785,-63.22716498386231,8.693071637264756,10.724044,True,90.332,1445.310,0.050,0.250,0.255,1000.032,-979.771,1400.006,J2015.5,,
campaigns/toi-2065-01.yaml,TOI-2065.01,356710041,192.577265,26.159536,J2000.0,NASA Exoplanet Archive TOI table,9.0024,2026-09-25T21:21:08Z,1,3961485079994112896,192.5772670813289,26.159536225559695,12.576087851652723,2.8207276125168583,4.284999138833505,9.440672,True,12.889,206.217,-0.437,0.598,0.741,194.492,44.320,199.478,J2015.5,,
campaigns/toi-2085-01.yaml,TOI-2085.01,103633672,152.223473,70.394557,J2000.0,NASA Exoplanet Archive TOI table,9.8499,2026-09-25T21:21:18Z,2,1070704702302592512,152.2234590697404,70.39455153128512,-33.706664059581875,-39.93490246139091,11.771795972458163,10.398203,True,52.258,836.134,-0.026,-0.280,0.281,-522.480,-619.271,810.236,J2015.5,,
campaigns/toi-2087-01.yaml,TOI-2087.01,219462190,208.052955,75.165261,J2000.0,NASA Exoplanet Archive TOI table,10.0537,2026-09-25T21:21:28Z,1,1712288703684932992,208.05294751250327,75.16526047090862,-14.414104731639139,-7.104215973352283,7.620198840501566,10.51358,True,16.070,257.116,-0.306,-1.647,1.676,-223.724,-111.763,250.087,J2015.5,,
campaigns/toi-2098-01.yaml,TOI-2098.01,356700488,254.455649,68.699581,J2000.0,NASA Exoplanet Archive TOI table,8.20773,2026-09-25T21:21:39Z,1,1648927593788025984,254.45565443993658,68.69957846388937,13.804838548997857,-20.629953940277865,6.682928061052116,8.367746,True,24.823,397.164,-0.212,-1.185,1.204,213.763,-320.949,385.621,J2015.5,,
campaigns/toi-2102-02.yaml,TOI-2102.02,289590465,253.442793,65.293961,J2000.0,NASA Exoplanet Archive TOI table,11.4106,2026-09-25T21:21:49Z,1,1635066737891844864,253.44278956788062,65.2939557174667,-11.472538985720485,-36.13706556858653,5.463581381313203,11.923425,True,37.914,606.631,-0.572,0.949,1.108,-178.396,-559.176,586.944,J2015.5,,
campaigns/toi-225-01.yaml,TOI-225.01,47525799,343.88039,-24.409733,J2000.0,NASA Exoplanet Archive TOI table,11.0316,2026-09-25T21:22:01Z,1,2383924277704397056,343.88041184928676,-24.40973526579935,141.7225180050362,-18.805722956319293,8.633232726562618,11.6248455,True,142.965,2287.436,-0.765,-1.246,1.462,2195.934,-292.735,2215.360,J2015.5,,
campaigns/toi-2263-01.yaml,TOI-2263.01,159400561,237.961131,83.110888,J2000.0,NASA Exoplanet Archive TOI table,9.7115,2026-09-25T21:22:15Z,1,1723038457072262144,237.96095875678427,83.11089936674894,-149.25104581868027,79.9872666094545,10.009167618600852,10.173484,True,169.334,2709.336,-0.249,-0.927,0.959,-2313.640,1238.876,2624.451,J2015.5,,
campaigns/toi-2270-01.yaml,TOI-2270.01,198178505,244.382265,61.368246,J2000.0,NASA Exoplanet Archive TOI table,7.7293,2026-09-25T21:22:26Z,1,1628115694100538624,244.3822991414825,61.36823597044569,118.87722419249391,-71.17910584668654,10.612808529053023,8.068091,True,138.558,2216.925,0.543,0.517,0.750,1843.140,-1102.759,2147.846,J2015.5,,
campaigns/toi-2277-01.yaml,TOI-2277.01,288516853,273.497311,80.658462,J2000.0,NASA Exoplanet Archive TOI table,7.98614,2026-09-25T21:22:40Z,1,2294551716287593344,273.49733297631224,80.65846811206302,25.30446269475116,44.23722090877468,6.386150174714354,8.354985,True,50.963,815.411,-0.190,0.115,0.222,392.030,685.792,789.935,J2015.5,,
campaigns/toi-2298-01.yaml,TOI-2298.01,229608594,274.512058,74.466535,J2000.0,NASA Exoplanet Archive TOI table,11.1919,2026-09-25T21:22:52Z,1,2267279837892767488,274.5120669894551,74.46652606412563,17.82351472860234,-67.15378172514792,11.922053129985507,11.944073,True,69.479,1111.661,0.245,-1.408,1.429,276.510,-1042.291,1078.345,J2015.5,,
campaigns/toi-2300-03.yaml,TOI-2300.03,280031353,297.416187,68.883354,J2000.0,NASA Exoplanet Archive TOI table,11.8231,2026-09-25T21:23:06Z,1,2250961264271388672,297.4161939683585,68.88335387704402,17.614450030763127,2.2038157917359054,4.479464171635415,12.354272,True,17.752,284.028,-0.230,1.545,1.562,272.793,35.704,275.120,J2015.5,,
campaigns/toi-2318-01.yaml,TOI-2318.01,88840705,262.589332,40.369465,J2000.0,NASA Exoplanet Archive TOI table,8.6512,2026-09-25T21:23:30Z,1,1346780595884995968,262.589338765364,40.36945896815045,3.946855454906184,-59.95529563780655,11.629785550771135,9.470051,True,60.085,961.361,-16.582,-8.263,18.527,44.594,-937.570,938.630,inconsistent,"neither epoch within tolerance, or not clearly separated",
campaigns/toi-2423-01.yaml,TOI-2423.01,197807043,53.467245,-57.621295,J2000.0,NASA Exoplanet Archive TOI table,9.5137,2026-09-25T21:23:46Z,1,4729324799004633472,53.46724135553531,-57.6212940197544,-12.463249235372025,6.625908516631449,7.015620656077923,9.911275,True,14.115,225.841,0.794,-0.216,0.823,-192.386,102.486,217.981,J2015.5,,
campaigns/toi-2433-01.yaml,TOI-2433.01,405763009,299.440244,56.971091,J2000.0,NASA Exoplanet Archive TOI table,12.0349,2026-09-25T21:24:00Z,1,2234652178234899712,299.44028290604115,56.971106600912016,151.91588654162516,115.54127316749842,30.634640613206543,13.285797,True,190.862,3053.789,-0.384,1.607,1.653,2354.312,1792.497,2959.025,J2015.5,,
campaigns/toi-2435-01.yaml,TOI-2435.01,298164705,219.338411,56.666184,J2000.0,NASA Exoplanet Archive TOI table,10.5142,2026-09-25T21:24:17Z,1,1610656720761692928,219.3384025098253,56.66618395602793,-35.187935020872956,-0.9010738691906728,6.657603331436412,10.977693,True,35.199,563.192,-0.798,-0.292,0.850,-546.211,-14.259,546.397,J2015.5,,
campaigns/toi-2436-01.yaml,TOI-2436.01,154568734,191.297899,72.123084,J2000.0,NASA Exoplanet Archive TOI table,8.55595,2026-09-25T21:24:31Z,1,1689544206152233472,191.29786942057353,72.12308150398265,-64.70339252411497,-20.657904366513478,9.780615991421325,8.920298,True,67.921,1086.738,0.337,-1.343,1.385,-1002.566,-321.541,1052.866,J2015.5,,
campaigns/toi-2456-01.yaml,TOI-2456.01,311271011,80.57987,10.575049,J2000.0,NASA Exoplanet Archive TOI table,9.588,2026-09-25T21:24:45Z,1,3339208743313866368,80.57987612409035,10.575040991592044,45.01816626730001,-61.089089197825345,14.60606265270603,10.170181,True,75.885,1214.158,0.837,-1.714,1.908,698.618,-948.595,1178.092,J2015.5,,
campaigns/toi-2472-01.yaml,TOI-2472.01,248650906,67.042733,-3.145653,J2000.0,NASA Exoplanet Archive TOI table,8.94848,2026-09-25T21:24:59Z,1,3204809355377070336,67.04273315777776,-3.1456561947714223,3.081522103399116,-23.40066469313572,6.792042262359169,9.384185,True,23.603,377.643,0.974,-0.199,0.994,48.737,-362.909,366.167,J2015.5,,
campaigns/toi-2490-01.yaml,TOI-2490.01,77437543,73.124509,-36.257098,J2000.0,NASA Exoplanet Archive TOI table,11.2759,2026-09-25T21:25:13Z,1,4818818585874648320,73.1245128086102,-36.25709623870886,19.449806418810283,12.607312188701048,3.7361687059139497,11.756224,True,23.178,370.855,-1.331,-0.037,1.332,300.141,195.376,358.129,J2015.5,,
campaigns/toi-2493-01.yaml,TOI-2493.01,123664207,89.746248,-21.575094,J2000.0,NASA Exoplanet Archive TOI table,11.433,2026-09-25T21:25:28Z,1,2917842382508546560,89.74625341717984,-21.575078367837236,33.258650844241565,113.14680383644715,10.774206291942223,12.180714,True,117.934,1886.938,-1.506,0.298,1.535,514.003,1754.073,1827.832,J2015.5,,
campaigns/toi-2530-01.yaml,TOI-2530.01,52059926,16.772687,-68.368103,J2000.0,NASA Exoplanet Archive TOI table,12.7296,2026-09-25T21:25:43Z,1,4692151513459769088,16.77267961582743,-68.36810476695253,-19.32346818241158,-11.843340069117307,4.586410568136709,13.413478,True,22.664,362.625,0.138,0.439,0.460,-299.376,-183.132,350.946,J2015.5,,
campaigns/toi-2534-01.yaml,TOI-2534.01,219332978,338.644613,-57.570425,J2000.0,NASA Exoplanet Archive TOI table,10.8209,2026-09-25T21:25:57Z,2,6504497488964997632,338.64461419218486,-57.570424647876465,3.1754021677400313,0.5243596356145696,2.5221530773206946,11.140731,True,3.218,51.494,-0.714,-1.005,1.233,48.505,7.122,49.025,J2015.5,,
campaigns/toi-2634-01.yaml,TOI-2634.01,318812447,41.036551,3.910232,J2000.0,NASA Exoplanet Archive TOI table,10.9648,2026-09-25T21:26:11Z,1,5642251292706560,41.0365552377074,3.9102297503213577,35.19180557343749,-13.430418676284175,5.630600975252042,11.504886,True,37.667,602.680,2.376,1.384,2.749,547.849,-206.788,585.576,J2015.5,,
campaigns/toi-2666-01-nss.yaml,TOI-2666.01,170889511,139.480865,-3.387525,J2000.0,NASA Exoplanet Archive TOI table (via campaigns/toi-2666-01.yaml),,2026-09-25T21:26:25Z,2,3837451574150437120,139.48086811320957,-3.387533797195897,23.266507288090025,-63.897156035706935,30.979501829282864,7.5441976,True,68.001,1088.021,0.445,-0.279,0.525,361.076,-990.685,1054.434,J2015.5,,
campaigns/toi-2666-01.yaml,TOI-2666.01,170889511,139.480865,-3.387525,J2000.0,NASA Exoplanet Archive TOI table,6.9887,2026-09-25T21:26:25Z,2,3837451574150437120,139.48086811320957,-3.387533797195897,23.266507288090025,-63.897156035706935,30.979501829282864,7.5441976,True,68.001,1088.021,0.445,-0.279,0.525,361.076,-990.685,1054.434,J2015.5,,
campaigns/toi-285-01.yaml,TOI-285.01,220459976,74.697171,-56.393814,J2000.0,NASA Exoplanet Archive TOI table,12.1677,2026-09-25T21:26:39Z,1,4764216563561182336,74.6971723077462,-56.39380638356126,3.720196012018519,56.32946963779138,8.699861665515444,13.074303,True,56.452,903.235,-0.746,0.746,1.054,56.917,873.852,875.704,J2015.5,,
campaigns/toi-289-01.yaml,TOI-289.01,201292545,2.900716,-56.599679,J2000.0,NASA Exoplanet Archive TOI table,11.4483,2026-09-25T21:26:53Z,1,4919562197762515456,2.9007223703574354,-56.59968038331824,23.477768385275926,-10.089999960859416,2.1571718338247496,11.883986,True,25.554,408.866,-0.886,-0.065,0.888,363.020,-156.460,395.301,J2015.5,,
campaigns/toi-3500-02.yaml,TOI-3500.02,443666343,186.816884,-29.832996,J2000.0,NASA Exoplanet Archive TOI table,10.8298,2026-09-25T21:27:07Z,2,3471495415361216512,186.81687474397268,-29.833001532012972,-58.420124817211196,-38.4694510809713,5.196131707430711,11.346449,True,69.949,1119.178,-0.304,0.681,0.745,-905.816,-595.596,1084.084,J2015.5,,
campaigns/toi-3724-01.yaml,TOI-3724.01,143642240,80.425878,36.274635,J2000.0,NASA Exoplanet Archive TOI table,11.7012,2026-09-25T21:27:23Z,2,183985232046648576,80.42587919930365,36.27463215755006,6.686757809500141,-18.32107386586743,2.2759759793622596,12.136836,True,19.503,312.051,-0.137,1.072,1.081,103.507,-282.904,301.245,J2015.5,,
campaigns/toi-4187-02.yaml,TOI-4187.02,176780257,48.283944,-34.375416,J2000.0,NASA Exoplanet Archive TOI table,8.301,2026-09-25T21:27:36Z,1,5048187328587727744,48.28395875598646,-34.37541116498491,87.26479073700804,32.82087550957001,6.459488448738568,8.706218,True,93.233,1491.725,-0.212,-0.996,1.018,1352.392,507.728,1444.560,J2015.5,,
campaigns/toi-429-01.yaml,TOI-429.01,259592689,72.977308,-53.829626,J2000.0,NASA Exoplanet Archive TOI table,10.1672,2026-09-25T21:27:49Z,1,4777069717050967040,72.97731996067805,-53.829594391067076,50.00591377036217,223.63244509750848,8.331863659913965,10.695424,True,229.155,3666.482,-0.410,-1.976,2.018,774.682,3464.327,3549.886,J2015.5,,
campaigns/toi-4309-01.yaml,TOI-4309.01,56662591,158.578516,-9.162846,J2000.0,NASA Exoplanet Archive TOI table,9.456101,2026-09-25T21:28:02Z,1,3762126059756436480,158.57848964204902,-9.162835420980763,-186.93938502559524,76.63188127791528,13.14789225169492,9.985055,True,202.037,3232.585,0.208,0.231,0.311,-2897.352,1188.026,3131.462,J2015.5,,
campaigns/toi-4319-01.yaml,TOI-4319.01,157115010,100.971875,-43.892984,J2000.0,NASA Exoplanet Archive TOI table,10.82,2026-09-25T21:28:17Z,1,5556279417085330816,100.9718681880302,-43.89296971069519,-29.345781686875107,75.75692122069756,10.379426155405852,11.577026,True,81.242,1299.874,2.999,-13.563,13.891,-451.860,1160.669,1245.524,inconsistent,"neither epoch within tolerance, or not clearly separated",
campaigns/toi-4321-01.yaml,TOI-4321.01,325081244,327.947949,-70.351914,J2000.0,NASA Exoplanet Archive TOI table,7.3016,2026-09-25T21:28:29Z,1,6395607011309867520,327.9479595823947,-70.35192069231336,24.587039428543598,-50.8634300054464,9.14751094085713,7.677439,True,56.494,903.910,-0.516,-1.339,1.435,380.583,-789.723,876.644,J2015.5,,
campaigns/toi-4355-01.yaml,TOI-4355.01,260655847,98.143838,-55.648969,J2000.0,NASA Exoplanet Archive TOI table,7.2298,2026-09-25T21:28:43Z,1,5497773372578215296,98.14386597306091,-55.648980795270184,114.62580766183707,-86.64809594018914,13.095302332249258,7.7304964,True,143.691,2299.048,0.490,-0.861,0.991,1777.190,-1343.907,2228.113,J2015.5,,
campaigns/toi-4509-01.yaml,TOI-4509.01,319610598,100.953422,-52.638381,J2000.0,NASA Exoplanet Archive TOI table,11.4003,2026-09-25T21:28:56Z,2,5501711995027853568,100.95342177674536,-52.638381905572516,0.04324743134846465,-5.885877788174742,1.5690991662199076,11.678579,True,5.886,94.177,0.509,0.317,0.600,1.180,-90.914,90.922,J2015.5,,
campaigns/toi-4585-01.yaml,TOI-4585.01,233529335,280.203329,62.506346,J2000.0,NASA Exoplanet Archive TOI table,9.64656,2026-09-25T21:29:08Z,1,2157077647164391296,280.20333737411545,62.50634451465455,26.37925175673237,-10.506138980450261,6.363267930028385,10.076292,True,28.394,454.311,-0.728,0.094,0.734,408.151,-162.751,439.403,J2015.5,,
campaigns/toi-5523-01.yaml,TOI-5523.01,443616612,169.117028,-3.975441,J2000.0,NASA Exoplanet Archive TOI table,13.7701,2026-09-25T21:29:21Z,1,3789847707126025600,169.11702399170338,-3.9754407710324364,-29.05479199085358,-1.911737870594977,5.484437982596295,14.798712,True,29.118,465.882,-0.132,-1.780,1.785,-450.482,-31.412,451.575,J2015.5,,
campaigns/toi-5563-01.yaml,TOI-5563.01,239198720,146.810895,24.541806,J2000.0,NASA Exoplanet Archive TOI table,10.7986,2026-09-25T21:29:37Z,1,643250349909794816,146.81088658447985,24.541802148789312,-55.294237874349555,-27.549838216667318,4.702464238632168,11.249342,True,61.777,988.438,-0.088,0.089,0.126,-857.149,-426.933,957.589,J2015.5,,
campaigns/toi-5696-03.yaml,TOI-5696.03,393546540,161.156925,6.333475,J2000.0,NASA Exoplanet Archive TOI table,9.1352,2026-09-25T21:29:50Z,1,3859284748342110208,161.15693300824597,6.333471868073235,58.852670740566666,-22.14722036009014,15.142154973503951,9.6521435,True,62.882,1006.111,0.773,0.201,0.798,912.989,-343.081,975.322,J2015.5,,
campaigns/toi-5719-01.yaml,TOI-5719.01,4843495,147.003946,30.17842,J2000.0,NASA Exoplanet Archive TOI table,9.67055,2026-09-25T21:30:03Z,1,744610375504790912,147.00394862591656,30.17842117459521,14.263723824696868,4.768531115611807,6.486772087560124,10.0255375,True,15.040,240.635,-1.040,-1.844,2.117,220.048,72.068,231.549,J2015.5,,
campaigns/toi-5745-01.yaml,TOI-5745.01,18016577,171.573332,38.22096,J2000.0,NASA Exoplanet Archive TOI table,9.8127,2026-09-25T21:30:16Z,1,761081437645780864,171.57330172900103,38.220962046780464,-173.30285626536062,17.61996782111077,12.92783131860978,10.378809,True,174.196,2787.140,-1.037,1.442,1.776,-2687.231,274.551,2701.220,J2015.5,,
campaigns/toi-5812-02.yaml,TOI-5812.02,388909695,327.570011,4.194573,J2000.0,NASA Exoplanet Archive TOI table,10.4106,2026-09-25T21:30:29Z,1,2696613294311603584,327.57001496094256,4.194573779041904,26.438441817323383,2.878196373072034,5.16212512988278,10.883926,True,26.595,425.514,-1.002,-1.365,1.694,408.794,43.247,411.075,J2015.5,,
campaigns/toi-5870-01.yaml,TOI-5870.01,305375697,324.59941,11.006898,J2000.0,NASA Exoplanet Archive TOI table,10.7974,2026-09-25T21:30:45Z,2,1742536509083998208,324.59941161744433,11.006896438198446,14.903857623478032,-9.35009653683996,2.811216315208472,11.171465,True,17.594,281.504,1.736,0.947,1.978,232.746,-143.979,273.680,J2015.5,,
campaigns/toi-5893-01.yaml,TOI-5893.01,321790238,317.926468,8.980673,J2000.0,NASA Exoplanet Archive TOI table,11.4879,2026-09-25T21:31:01Z,1,1743373271792149760,317.926467266572,8.980671593229093,-6.118716003276504,-10.697781348588935,3.0368726109652244,11.920634,True,12.324,197.184,-0.451,-0.285,0.534,-95.291,-166.100,191.493,J2015.5,,
campaigns/toi-6085-01.yaml,TOI-6085.01,160223936,261.281796,85.115518,J2000.0,NASA Exoplanet Archive TOI table,8.7475,2026-09-25T21:31:16Z,1,1723715034679751168,261.28187432035014,85.11551824441882,47.66218693151786,0.332719203492824,21.115284035065486,9.301451,True,47.663,762.614,-0.176,-0.714,0.735,738.587,4.444,738.601,J2015.5,,
campaigns/toi-6650-04.yaml,TOI-6650.04,64837857,338.805332,54.773557,J2000.0,NASA Exoplanet Archive TOI table,10.0252,2026-09-25T21:31:31Z,3,2003378188041736320,338.8053345215047,54.77355645130852,12.197541059503957,-0.5759945229988034,4.234835750491467,10.356592,True,12.211,195.378,0.863,1.687,1.895,189.925,-7.241,190.063,J2015.5,,
campaigns/toi-6653-01.yaml,TOI-6653.01,150901009,4.182463,20.856765,J2000.0,NASA Exoplanet Archive TOI table,9.1129,2026-09-25T21:31:47Z,1,2800115065478177408,4.182519990840063,20.856767538614882,382.99404003685225,15.238587651137141,19.98632023402333,9.716108,True,383.297,6132.753,-0.226,-1.520,1.536,5936.182,234.678,5940.819,J2015.5,,
campaigns/toi-6663-01.yaml,TOI-6663.01,415732733,142.031271,78.944752,J2000.0,NASA Exoplanet Archive TOI table,10.594,2026-09-25T21:32:03Z,3,1132006667438853760,142.03128386279016,78.94474844925321,9.244801489611843,-12.775356785096484,2.576909380649747,11.22735,True,15.769,252.311,-4.257,6.395,7.682,139.037,-191.623,236.750,inconsistent,"neither epoch within tolerance, or not clearly separated",
campaigns/toi-6664-01.yaml,TOI-6664.01,147561732,143.137378,69.729484,J2000.0,NASA Exoplanet Archive TOI table,8.03278,2026-09-25T21:32:16Z,2,1071126158853591424,143.13736493318808,69.7294784222207,-31.919814489132072,-40.68618621869921,6.453415646133198,8.370554,True,51.713,827.409,0.337,-0.263,0.428,-494.420,-630.899,801.551,J2015.5,,
campaigns/toi-6666-01-nss.yaml,TOI-6666.01,256429408,325.003248,69.086612,J2000.0,NASA Exoplanet Archive TOI table (via campaigns/toi-6666-01.yaml),,2026-09-25T21:32:32Z,1,2223770483452673408,325.0032473931132,69.08661730300648,-1.5677102836668801,36.930993635192245,7.865778771312494,8.779094,True,36.964,591.428,-0.004,-0.625,0.625,-24.303,571.805,572.321,J2015.5,,
campaigns/toi-6666-01.yaml,TOI-6666.01,256429408,325.003248,69.086612,J2000.0,NASA Exoplanet Archive TOI table,8.43041,2026-09-25T21:32:32Z,1,2223770483452673408,325.0032473931132,69.08661730300648,-1.5677102836668801,36.930993635192245,7.865778771312494,8.779094,True,36.964,591.428,-0.004,-0.625,0.625,-24.303,571.805,572.321,J2015.5,,
campaigns/toi-6667-01.yaml,TOI-6667.01,161169240,339.35783,-53.31905,J2000.0,NASA Exoplanet Archive TOI table,12.122,2026-09-25T21:32:46Z,1,6507438682567821568,339.3578468842238,-53.31905883805049,70.29308459984837,-63.56551627313064,2.1682994402658657,12.522718,True,94.772,1516.349,-1.163,0.034,1.163,1088.380,-985.231,1468.078,J2015.5,,
campaigns/toi-6670-01.yaml,TOI-6670.01,126797048,137.046678,-50.613758,J2000.0,NASA Exoplanet Archive TOI table,8.8855,2026-09-25T21:33:00Z,2,5324281398476375424,137.0466764354446,-50.61376149275625,-6.46782768589931,-26.841205150731245,5.334545255509395,9.202355,True,27.609,441.752,0.340,-0.847,0.912,-99.911,-416.885,428.691,J2015.5,,
campaigns/toi-6671-01.yaml,TOI-6671.01,53843023,327.638875,-26.556512,J2000.0,NASA Exoplanet Archive TOI table,10.3852,2026-09-25T21:33:15Z,1,6810533734371193216,327.6388761890613,-26.55651388920131,9.368574113962866,-13.458143101555999,10.777649732430556,11.015486,True,16.398,262.367,0.855,0.072,0.858,146.068,-208.529,254.598,J2015.5,,
campaigns/toi-6672-01.yaml,TOI-6672.01,331644554,330.55306,47.090352,J2000.0,NASA Exoplanet Archive TOI table,9.61487,2026-09-25T21:33:29Z,5,1975275839061373312,330.5530607952635,47.090351829900484,5.194760174378359,0.7039222629759472,3.1099354522967877,9.725703,True,5.242,83.876,0.648,0.964,1.162,81.167,11.875,82.031,J2015.5,,
campaigns/toi-6674-01.yaml,TOI-6674.01,452920657,8.334322,59.109923,J2000.0,NASA Exoplanet Archive TOI table,12.6973,2026-09-25T21:33:41Z,2,428410038458702720,8.334328341026517,59.10992486232022,23.00558572856533,15.992539872326429,6.490906361384475,13.627267,True,28.018,448.291,-0.217,1.292,1.310,356.370,249.176,434.843,J2015.5,,
campaigns/toi-6675-01.yaml,TOI-6675.01,141522677,101.546921,78.50475,J2000.0,NASA Exoplanet Archive TOI table,9.40853,2026-09-25T21:33:56Z,1,1140358282886912256,101.5469235177173,78.5047513012414,3.3171543819283857,12.045743565840173,5.759848709760432,9.729766,True,12.494,199.906,-0.148,1.338,1.347,51.268,188.047,194.911,J2015.5,,
campaigns/toi-6691-01.yaml,TOI-6691.01,382258844,82.716614,-54.898137,J2000.0,NASA Exoplanet Archive TOI table,8.6235,2026-09-25T21:34:10Z,1,4767020077694168576,82.71661320881559,-54.89813251401623,-3.0361359254542934,31.604899502098423,5.2246747654975705,8.951854,True,31.750,508.006,0.120,-0.347,0.367,-46.940,489.529,491.774,J2015.5,,
campaigns/toi-6692-01.yaml,TOI-6692.01,324609409,312.694044,-81.272398,J2000.0,NASA Exoplanet Archive TOI table,11.1163,2026-09-25T21:34:22Z,1,6349145498210403840,312.6940792217271,-81.272401406819,38.79680129698286,-22.7507515090864,3.2202887866271537,11.578162,True,44.975,719.607,0.158,0.889,0.903,601.509,-351.747,696.806,J2015.5,,
campaigns/toi-6695-01.yaml,TOI-6695.01,118339710,129.572022,-23.550217,J2000.0,NASA Exoplanet Archive TOI table,10.3541,2026-09-25T21:34:35Z,2,5701679002245319296,129.57202150687965,-23.550216551670804,-3.7677162839525558,2.9530061115050623,3.537682809953182,10.74614,True,4.787,76.593,-0.256,-0.137,0.291,-58.656,45.634,74.317,J2015.5,,
campaigns/toi-6698-01.yaml,TOI-6698.01,5966772,193.398197,-23.119791,J2000.0,NASA Exoplanet Archive TOI table,10.4795,2026-09-25T21:34:49Z,1,3499124806833300736,193.39818895133774,-23.119801398717733,-55.056815906210154,-73.32310913748124,11.393046659805904,11.115535,True,91.693,1467.081,-0.880,0.774,1.172,-854.261,-1135.734,1421.145,J2015.5,,
campaigns/toi-6890-01.yaml,TOI-6890.01,5364106,139.231123,-20.676234,J2000.0,NASA Exoplanet Archive TOI table,11.0866,2026-09-25T21:35:02Z,1,5679602531040786816,139.23112176574438,-20.67623231499881,-8.167858440469097,13.812209787617544,3.358770778196456,11.509591,True,16.047,256.744,0.073,0.840,0.843,-126.529,214.929,249.408,J2015.5,,
campaigns/toi-6893-01.yaml,TOI-6893.01,272125414,2.892723,4.767212,J2000.0,NASA Exoplanet Archive TOI table,8.18933,2026-09-25T21:35:17Z,2,2741377642494388864,2.892727790027721,4.767215157373631,35.57826133614506,21.08041838948949,6.008423517021909,8.588879,True,41.355,661.672,0.605,-0.826,1.024,552.068,325.920,641.095,J2015.5,,
campaigns/toi-6980-01.yaml,TOI-6980.01,422912527,38.206634,5.209801,J2000.0,NASA Exoplanet Archive TOI table,7.9859,2026-09-25T21:35:30Z,1,2516286274890560000,38.206644934144194,5.209794587008278,80.76962510976102,-46.50594912467816,13.606999001411326,8.363203,True,93.202,1491.225,1.185,-0.166,1.196,1253.114,-721.008,1445.734,J2015.5,,
campaigns/toi-7399-01.yaml,TOI-7399.01,233194447,263.949937,66.758971,J2000.0,NASA Exoplanet Archive TOI table,8.71433,2026-09-25T21:35:42Z,1,1633938329724999680,263.9499394915749,66.7589671152206,5.817285510155229,-25.0169772623803,4.871822890238685,9.042988,True,25.684,410.951,-0.631,1.477,1.606,89.537,-386.286,396.528,J2015.5,,
campaigns/toi-7857-01.yaml,TOI-7857.01,408313280,316.5329,2.576408,J2000.0,NASA Exoplanet Archive TOI table,11.6684,2026-09-25T21:35:58Z,1,1730371439418183680,316.5328982169404,2.576403638401186,-16.44414813868159,-28.196949227643266,2.8393547713146607,12.091636,True,32.642,522.267,-1.810,1.603,2.418,-256.694,-435.449,505.478,J2015.5,,
campaigns/toi-790-03.yaml,TOI-790.03,308994098,123.39778,-64.090901,J2000.0,NASA Exoplanet Archive TOI table,8.9914,2026-09-25T21:36:11Z,2,5277235112690260864,123.39777182006885,-64.09089384651878,-24.77698485770571,48.132858427016885,6.033048141462854,9.281664,True,54.136,866.171,0.479,-1.686,1.753,-383.565,744.373,837.385,J2015.5,,
campaigns/toi-941-02.yaml,TOI-941.02,408137826,78.300525,6.545915,J2000.0,NASA Exoplanet Archive TOI table,10.9968,2026-09-25T21:36:23Z,2,3240852617846876416,78.30052732144334,6.545910287264985,17.459877388757707,-31.640135088895725,3.9140412422327406,11.434841,True,36.138,578.206,0.427,1.146,1.223,271.055,-489.276,559.341,J2015.5,,
