spec,name,gaia_dr3,dr3_class,final_epoch,basis
campaigns/toi-125-04.yaml,TOI-125.04,4698692748651744128,J2015.5,J2015.5,"DR3 propagated: r(2015.5) 1.8 mas, r(2000.0) 2658.2 mas"
campaigns/toi-1301-02.yaml,TOI-1301.02,2266490873877571712,J2015.5,J2015.5,"DR3 propagated: r(2015.5) 0.6 mas, r(2000.0) 1489.5 mas"
campaigns/toi-1772-02.yaml,TOI-1772.02,749676822006222464,J2015.5,J2015.5,"DR3 propagated: r(2015.5) 0.8 mas, r(2000.0) 677.1 mas"
campaigns/toi-1812-01.yaml,TOI-1812.01,1623130061703102592,J2015.5,J2015.5,"DR3 propagated: r(2015.5) 0.9 mas, r(2000.0) 320.3 mas"
campaigns/toi-1835-02.yaml,TOI-1835.02,3948424496764080640,J2015.5,J2015.5,"DR3 propagated: r(2015.5) 1.4 mas, r(2000.0) 2056.2 mas"
campaigns/toi-1893-01.yaml,TOI-1893.01,2285334677815121152,J2015.5,J2015.5,"DR3 propagated: r(2015.5) 1.4 mas, r(2000.0) 460.0 mas"
campaigns/toi-1896-01.yaml,TOI-1896.01,1938752502320406400,J2015.5,J2015.5,"DR3 propagated: r(2015.5) 1.3 mas, r(2000.0) 883.0 mas"
campaigns/toi-2003-01.yaml,TOI-2003.01,6189286849812601216,J2015.5,J2015.5,"DR3 propagated: r(2015.5) 1.6 mas, r(2000.0) 260.7 mas"
campaigns/toi-2007-01.yaml,TOI-2007.01,1711633081221292800,J2015.5,J2015.5,"DR3 propagated: r(2015.5) 0.3 mas, r(2000.0) 1400.0 mas"
campaigns/toi-2065-01.yaml,TOI-2065.01,3961485079994112896,J2015.5,J2015.5,"DR3 propagated: r(2015.5) 0.7 mas, r(2000.0) 199.5 mas"
campaigns/toi-2085-01.yaml,TOI-2085.01,1070704702302592512,J2015.5,J2015.5,"DR3 propagated: r(2015.5) 0.3 mas, r(2000.0) 810.2 mas"
campaigns/toi-2087-01.yaml,TOI-2087.01,1712288703684932992,J2015.5,J2015.5,"DR3 propagated: r(2015.5) 1.7 mas, r(2000.0) 250.1 mas"
campaigns/toi-2098-01.yaml,TOI-2098.01,1648927593788025984,J2015.5,J2015.5,"DR3 propagated: r(2015.5) 1.2 mas, r(2000.0) 385.6 mas"
campaigns/toi-2102-02.yaml,TOI-2102.02,1635066737891844864,J2015.5,J2015.5,"DR3 propagated: r(2015.5) 1.1 mas, r(2000.0) 586.9 mas"
campaigns/toi-225-01.yaml,TOI-225.01,2383924277704397056,J2015.5,J2015.5,"DR3 propagated: r(2015.5) 1.5 mas, r(2000.0) 2215.4 mas"
campaigns/toi-2263-01.yaml,TOI-2263.01,1723038457072262144,J2015.5,J2015.5,"DR3 propagated: r(2015.5) 1.0 mas, r(2000.0) 2624.5 mas"
campaigns/toi-2270-01.yaml,TOI-2270.01,1628115694100538624,J2015.5,J2015.5,"DR3 propagated: r(2015.5) 0.7 mas, r(2000.0) 2147.8 mas"
campaigns/toi-2277-01.yaml,TOI-2277.01,2294551716287593344,J2015.5,J2015.5,"DR3 propagated: r(2015.5) 0.2 mas, r(2000.0) 789.9 mas"
campaigns/toi-2298-01.yaml,TOI-2298.01,2267279837892767488,J2015.5,J2015.5,"DR3 propagated: r(2015.5) 1.4 mas, r(2000.0) 1078.3 mas"
campaigns/toi-2300-03.yaml,TOI-2300.03,2250961264271388672,J2015.5,J2015.5,"DR3 propagated: r(2015.5) 1.6 mas, r(2000.0) 275.1 mas"
campaigns/toi-2318-01.yaml,TOI-2318.01,1346780595884995968,inconsistent,J2015.5,"DR3 propagated: r(2015.5) 18.5 mas, r(2000.0) 938.6 mas; direct match to Gaia DR2 1346780595884995968 (ref_epoch 2015.5) at 1.43 mas"
campaigns/toi-2423-01.yaml,TOI-2423.01,4729324799004633472,J2015.5,J2015.5,"DR3 propagated: r(2015.5) 0.8 mas, r(2000.0) 218.0 mas"
campaigns/toi-2433-01.yaml,TOI-2433.01,2234652178234899712,J2015.5,J2015.5,"DR3 propagated: r(2015.5) 1.7 mas, r(2000.0) 2959.0 mas"
campaigns/toi-2435-01.yaml,TOI-2435.01,1610656720761692928,J2015.5,J2015.5,"DR3 propagated: r(2015.5) 0.9 mas, r(2000.0) 546.4 mas"
campaigns/toi-2436-01.yaml,TOI-2436.01,1689544206152233472,J2015.5,J2015.5,"DR3 propagated: r(2015.5) 1.4 mas, r(2000.0) 1052.9 mas"
campaigns/toi-2456-01.yaml,TOI-2456.01,3339208743313866368,J2015.5,J2015.5,"DR3 propagated: r(2015.5) 1.9 mas, r(2000.0) 1178.1 mas"
campaigns/toi-2472-01.yaml,TOI-2472.01,3204809355377070336,J2015.5,J2015.5,"DR3 propagated: r(2015.5) 1.0 mas, r(2000.0) 366.2 mas"
campaigns/toi-2490-01.yaml,TOI-2490.01,4818818585874648320,J2015.5,J2015.5,"DR3 propagated: r(2015.5) 1.3 mas, r(2000.0) 358.1 mas"
campaigns/toi-2493-01.yaml,TOI-2493.01,2917842382508546560,J2015.5,J2015.5,"DR3 propagated: r(2015.5) 1.5 mas, r(2000.0) 1827.8 mas"
campaigns/toi-2530-01.yaml,TOI-2530.01,4692151513459769088,J2015.5,J2015.5,"DR3 propagated: r(2015.5) 0.5 mas, r(2000.0) 350.9 mas"
campaigns/toi-2534-01.yaml,TOI-2534.01,6504497488964997632,J2015.5,J2015.5,"DR3 propagated: r(2015.5) 1.2 mas, r(2000.0) 49.0 mas"
campaigns/toi-2634-01.yaml,TOI-2634.01,5642251292706560,J2015.5,J2015.5,"DR3 propagated: r(2015.5) 2.7 mas, r(2000.0) 585.6 mas"
campaigns/toi-2666-01-nss.yaml,TOI-2666.01,3837451574150437120,J2015.5,J2015.5,"DR3 propagated: r(2015.5) 0.5 mas, r(2000.0) 1054.4 mas"
campaigns/toi-2666-01.yaml,TOI-2666.01,3837451574150437120,J2015.5,J2015.5,"DR3 propagated: r(2015.5) 0.5 mas, r(2000.0) 1054.4 mas"
campaigns/toi-285-01.yaml,TOI-285.01,4764216563561182336,J2015.5,J2015.5,"DR3 propagated: r(2015.5) 1.1 mas, r(2000.0) 875.7 mas"
campaigns/toi-289-01.yaml,TOI-289.01,4919562197762515456,J2015.5,J2015.5,"DR3 propagated: r(2015.5) 0.9 mas, r(2000.0) 395.3 mas"
campaigns/toi-3500-02.yaml,TOI-3500.02,3471495415361216512,J2015.5,J2015.5,"DR3 propagated: r(2015.5) 0.7 mas, r(2000.0) 1084.1 mas"
campaigns/toi-3724-01.yaml,TOI-3724.01,183985232046648576,J2015.5,J2015.5,"DR3 propagated: r(2015.5) 1.1 mas, r(2000.0) 301.2 mas"
campaigns/toi-4187-02.yaml,TOI-4187.02,5048187328587727744,J2015.5,J2015.5,"DR3 propagated: r(2015.5) 1.0 mas, r(2000.0) 1444.6 mas"
campaigns/toi-429-01.yaml,TOI-429.01,4777069717050967040,J2015.5,J2015.5,"DR3 propagated: r(2015.5) 2.0 mas, r(2000.0) 3549.9 mas"
campaigns/toi-4309-01.yaml,TOI-4309.01,3762126059756436480,J2015.5,J2015.5,"DR3 propagated: r(2015.5) 0.3 mas, r(2000.0) 3131.5 mas"
campaigns/toi-4319-01.yaml,TOI-4319.01,5556279417085330816,inconsistent,J2015.5,"DR3 propagated: r(2015.5) 13.9 mas, r(2000.0) 1245.5 mas; direct match to Gaia DR2 5556279417085330816 (ref_epoch 2015.5) at 0.83 mas"
campaigns/toi-4321-01.yaml,TOI-4321.01,6395607011309867520,J2015.5,J2015.5,"DR3 propagated: r(2015.5) 1.4 mas, r(2000.0) 876.6 mas"
campaigns/toi-4355-01.yaml,TOI-4355.01,5497773372578215296,J2015.5,J2015.5,"DR3 propagated: r(2015.5) 1.0 mas, r(2000.0) 2228.1 mas"
campaigns/toi-4509-01.yaml,TOI-4509.01,5501711995027853568,J2015.5,J2015.5,"DR3 propagated: r(2015.5) 0.6 mas, r(2000.0) 90.9 mas"
campaigns/toi-4585-01.yaml,TOI-4585.01,2157077647164391296,J2015.5,J2015.5,"DR3 propagated: r(2015.5) 0.7 mas, r(2000.0) 439.4 mas"
campaigns/toi-5523-01.yaml,TOI-5523.01,3789847707126025600,J2015.5,J2015.5,"DR3 propagated: r(2015.5) 1.8 mas, r(2000.0) 451.6 mas"
campaigns/toi-5563-01.yaml,TOI-5563.01,643250349909794816,J2015.5,J2015.5,"DR3 propagated: r(2015.5) 0.1 mas, r(2000.0) 957.6 mas"
campaigns/toi-5696-03.yaml,TOI-5696.03,3859284748342110208,J2015.5,J2015.5,"DR3 propagated: r(2015.5) 0.8 mas, r(2000.0) 975.3 mas"
campaigns/toi-5719-01.yaml,TOI-5719.01,744610375504790912,J2015.5,J2015.5,"DR3 propagated: r(2015.5) 2.1 mas, r(2000.0) 231.5 mas"
campaigns/toi-5745-01.yaml,TOI-5745.01,761081437645780864,J2015.5,J2015.5,"DR3 propagated: r(2015.5) 1.8 mas, r(2000.0) 2701.2 mas"
campaigns/toi-5812-02.yaml,TOI-5812.02,2696613294311603584,J2015.5,J2015.5,"DR3 propagated: r(2015.5) 1.7 mas, r(2000.0) 411.1 mas"
campaigns/toi-5870-01.yaml,TOI-5870.01,1742536509083998208,J2015.5,J2015.5,"DR3 propagated: r(2015.5) 2.0 mas, r(2000.0) 273.7 mas"
campaigns/toi-5893-01.yaml,TOI-5893.01,1743373271792149760,J2015.5,J2015.5,"DR3 propagated: r(2015.5) 0.5 mas, r(2000.0) 191.5 mas"
campaigns/toi-6085-01.yaml,TOI-6085.01,1723715034679751168,J2015.5,J2015.5,"DR3 propagated: r(2015.5) 0.7 mas, r(2000.0) 738.6 mas"
campaigns/toi-6650-04.yaml,TOI-6650.04,2003378188041736320,J2015.5,J2015.5,"DR3 propagated: r(2015.5) 1.9 mas, r(2000.0) 190.1 mas"
campaigns/toi-6653-01.yaml,TOI-6653.01,2800115065478177408,J2015.5,J2015.5,"DR3 propagated: r(2015.5) 1.5 mas, r(2000.0) 5940.8 mas"
campaigns/toi-6663-01.yaml,TOI-6663.01,1132006667438853760,inconsistent,J2015.0,"DR3 propagated: r(2015.5) 7.7 mas, r(2000.0) 236.8 mas; direct match to Gaia DR1 1132006663145960960 (ref_epoch 2015.0) at 0.45 mas"
campaigns/toi-6664-01.yaml,TOI-6664.01,1071126158853591424,J2015.5,J2015.5,"DR3 propagated: r(2015.5) 0.4 mas, r(2000.0) 801.6 mas"
campaigns/toi-6666-01-nss.yaml,TOI-6666.01,2223770483452673408,J2015.5,J2015.5,"DR3 propagated: r(2015.5) 0.6 mas, r(2000.0) 572.3 mas"
campaigns/toi-6666-01.yaml,TOI-6666.01,2223770483452673408,J2015.5,J2015.5,"DR3 propagated: r(2015.5) 0.6 mas, r(2000.0) 572.3 mas"
campaigns/toi-6667-01.yaml,TOI-6667.01,6507438682567821568,J2015.5,J2015.5,"DR3 propagated: r(2015.5) 1.2 mas, r(2000.0) 1468.1 mas"
campaigns/toi-6670-01.yaml,TOI-6670.01,5324281398476375424,J2015.5,J2015.5,"DR3 propagated: r(2015.5) 0.9 mas, r(2000.0) 428.7 mas"
campaigns/toi-6671-01.yaml,TOI-6671.01,6810533734371193216,J2015.5,J2015.5,"DR3 propagated: r(2015.5) 0.9 mas, r(2000.0) 254.6 mas"
campaigns/toi-6672-01.yaml,TOI-6672.01,1975275839061373312,J2015.5,J2015.5,"DR3 propagated: r(2015.5) 1.2 mas, r(2000.0) 82.0 mas"
campaigns/toi-6674-01.yaml,TOI-6674.01,428410038458702720,J2015.5,J2015.5,"DR3 propagated: r(2015.5) 1.3 mas, r(2000.0) 434.8 mas"
campaigns/toi-6675-01.yaml,TOI-6675.01,1140358282886912256,J2015.5,J2015.5,"DR3 propagated: r(2015.5) 1.3 mas, r(2000.0) 194.9 mas"
campaigns/toi-6691-01.yaml,TOI-6691.01,4767020077694168576,J2015.5,J2015.5,"DR3 propagated: r(2015.5) 0.4 mas, r(2000.0) 491.8 mas"
campaigns/toi-6692-01.yaml,TOI-6692.01,6349145498210403840,J2015.5,J2015.5,"DR3 propagated: r(2015.5) 0.9 mas, r(2000.0) 696.8 mas"
campaigns/toi-6695-01.yaml,TOI-6695.01,5701679002245319296,J2015.5,J2015.5,"DR3 propagated: r(2015.5) 0.3 mas, r(2000.0) 74.3 mas"
campaigns/toi-6698-01.yaml,TOI-6698.01,3499124806833300736,J2015.5,J2015.5,"DR3 propagated: r(2015.5) 1.2 mas, r(2000.0) 1421.1 mas"
campaigns/toi-6890-01.yaml,TOI-6890.01,5679602531040786816,J2015.5,J2015.5,"DR3 propagated: r(2015.5) 0.8 mas, r(2000.0) 249.4 mas"
campaigns/toi-6893-01.yaml,TOI-6893.01,2741377642494388864,J2015.5,J2015.5,"DR3 propagated: r(2015.5) 1.0 mas, r(2000.0) 641.1 mas"
campaigns/toi-6980-01.yaml,TOI-6980.01,2516286274890560000,J2015.5,J2015.5,"DR3 propagated: r(2015.5) 1.2 mas, r(2000.0) 1445.7 mas"
campaigns/toi-7399-01.yaml,TOI-7399.01,1633938329724999680,J2015.5,J2015.5,"DR3 propagated: r(2015.5) 1.6 mas, r(2000.0) 396.5 mas"
campaigns/toi-7857-01.yaml,TOI-7857.01,1730371439418183680,J2015.5,J2015.5,"DR3 propagated: r(2015.5) 2.4 mas, r(2000.0) 505.5 mas"
campaigns/toi-790-03.yaml,TOI-790.03,5277235112690260864,J2015.5,J2015.5,"DR3 propagated: r(2015.5) 1.8 mas, r(2000.0) 837.4 mas"
campaigns/toi-941-02.yaml,TOI-941.02,3240852617846876416,J2015.5,J2015.5,"DR3 propagated: r(2015.5) 1.2 mas, r(2000.0) 559.3 mas"
