source_id,ra,dec,g,bp_rp,parallax,pmra,pmdec,teff_gspphot
6804705154514383616,317.6699293920394,-23.31198763732454,7.91181,0.7617612,17.530166541197232,96.50711191583952,-102.61756456369018,5821.9604
6804515931138748160,317.7881877207054,-23.398211806368042,11.223497,1.2654943,1.5946984793830996,0.017143825571023674,6.881831406873462,
6804516072873933184,317.73462169137696,-23.404173851651848,11.295858,0.8072405,1.8674259886206739,14.61434383424837,-1.6992680640745326,5945.205
6804705498111767040,317.7164561368953,-23.289441285209264,11.35696,1.0002689,0.6641667681771349,-17.66783401097375,-52.5230341773903,
6804708139515008640,317.6399152760135,-23.305819537440787,12.170427,0.92696476,3.6350560289851446,50.875154844876555,-20.112021630110846,5614.6094
6804704948355952256,317.68673032829446,-23.325670344253712,12.402374,2.3341541,22.80656824474609,382.52501278487233,58.929422504156136,
6804514114368844032,317.73967073837736,-23.457063319468276,12.620667,1.3611584,0.2283776438477924,-5.733699658496776,-17.92074046754532,4969.2896
6804704669181433600,317.7414159340675,-23.305597178849446,12.738847,0.9064808,1.6539168851738486,3.608551532389515,-14.812084375611555,5471.5103
6804515110801341184,317.7941153926071,-23.420198370855374,12.741979,0.781621,1.138692130597355,-2.9136947970969413,7.297071806783121,
6804697079975712640,317.542112617354,-23.42332286223404,12.988256,0.7901907,1.458693952990997,13.079363446727346,-21.055222710521072,5983.4585
6804710239755668736,317.6537128377553,-23.177427088251864,13.143253,0.864048,2.345824505566245,10.045501630947077,-25.508206921154038,5639.0
6804696633299107328,317.55299199372666,-23.463733942947442,13.530935,0.84798336,1.5532237545173593,17.414739519669414,-17.550856100321116,5938.332
6804704192441706112,317.7315194655836,-23.335512554112753,13.722856,1.5132265,4.533085254732506,4.8309565219340875,-82.2211477859428,4458.302
6804709449481685248,317.6045227947314,-23.229821506304276,13.732697,0.7931986,1.1016542323975913,7.444460026912075,1.8751255645899025,5810.801
6804516004154456064,317.74792095310136,-23.41593190871826,13.754777,0.8668518,1.0868714279908156,-17.22365688336284,-21.454394192049293,5842.8267
6804705395032550272,317.7284955062945,-23.31315424786447,13.832083,1.0870743,2.14560959779496,14.70636390322395,-6.695981000686567,5125.7153
6804703986283274496,317.7474802370933,-23.350738699883905,13.857727,0.8437662,1.639522431722956,6.250746286898824,3.696384920274669,5792.328
6804709002805083776,317.6701421384331,-23.245554540181445,13.866629,0.8509569,1.5348453266397293,8.339585632450472,-1.4067230008620126,5720.6523
6804706318448877312,317.5261268741994,-23.34460240123204,13.931786,0.93660355,1.4020496488992773,5.65211490050116,-10.518125655201134,5398.479
6804706563263508608,317.5893669572975,-23.341049788347988,14.015195,1.1990395,2.8359822870405615,-19.683443728462752,-14.598247800024868,4765.1963
6804709827438806528,317.6511543445,-23.222322161268526,14.105123,1.1681557,0.4431584620605558,1.3392851458734873,-6.459535773636369,4969.1694
6804707113019330944,317.4967315334672,-23.345002819010634,14.119606,0.8437128,1.0274286914881234,6.5255205232177556,-5.232848083724649,5732.9893
6804719207647245440,317.4514150138896,-23.304634683557786,14.136114,1.1295729,0.10316775041963158,0.6642798657707629,-8.878705433118927,4976.571
6804798544283158400,317.8312287854904,-23.270203439380573,14.27131,0.8170099,1.2312550002464526,7.8864889040294175,4.632920850672797,5614.8994
6804703883204058624,317.74570874167364,-23.367018580469733,14.292088,1.1476917,2.2345885694862795,29.284760525990738,-25.212283910125805,4851.211
6804721681548414080,317.51989492712727,-23.199632913041043,14.343066,0.9496088,1.4629082710199728,5.3038224162583285,-7.3567255202695865,5386.842
6804516450831138944,317.8447520220254,-23.356545598082132,14.346441,0.8129101,0.874226062482224,-13.450408663939825,2.1242193299677004,5614.181
6804703470887050368,317.6144666942573,-23.361270290100183,14.357915,1.2465715,2.9354891951651307,6.49559319111011,18.33553231856193,4671.932
6804816239548290304,317.6009676767288,-23.122370266619512,14.397186,0.7605324,0.8779754903986124,-12.54856571605085,3.5042147845590685,6010.725
6804719619964109824,317.45702145537325,-23.260332455384454,14.465059,1.9821339,6.127118392423429,12.818922065902038,-16.196644462262213,
6804720131063694208,317.51633467477694,-23.221983843070234,14.4865465,1.2208662,2.0729663114576953,-11.147717465189958,-45.85191758793183,
6804708934085606656,317.69933895093686,-23.23290113748322,14.535109,1.1761265,2.0496131471576255,18.65749489541393,-6.752279988386577,4908.2026
6804719654323849472,317.4614626755875,-23.249386616894718,14.544875,0.7182503,0.858500074269092,7.070060419137826,0.9323302689900838,6024.646
6804709655639976448,317.59327120125425,-23.227230084434353,14.592948,1.0196762,1.5925959430274639,12.823580718107479,-6.96490036118021,5097.9023
6804816063453537792,317.6702287115138,-23.117317065224157,14.79606,0.9253969,0.7022251696007831,13.393278763114942,-6.828835924635621,5359.662
6804707594055666944,317.5498337593177,-23.31646237265202,14.796593,1.347148,1.6690235751214273,6.452595260982659,-5.042787452459251,4533.3105
6804719207647246592,317.4427630648595,-23.298685139448512,14.817111,0.87515354,0.8217276208996405,-2.697702349377651,-0.595402991530867,5450.1113
6804700206711911424,317.4915340558003,-23.399034863264447,14.877933,0.9808588,1.0281380302101222,1.030225168920238,-7.487490180215022,5324.897
6804720925634172544,317.48178101205514,-23.21133754522876,14.898076,0.8760481,0.8952060582512413,2.798816611147574,-15.867033668329185,5715.476
6804610390355463936,317.85603853975266,-23.32954699586193,14.955104,0.85038567,0.8706071519223268,15.374166858275085,-0.6889283077150948,5530.246
6804696289701725824,317.53198649613483,-23.46564041172746,14.996464,0.83630943,0.6630537954532206,-3.9461507452971563,-13.03816819094548,5525.2876
6804516141593494912,317.76428062840387,-23.386890096098007,15.010418,1.1720104,0.2718297844491774,-2.3696180032857845,-4.622688573501005,5341.92
6804707181738806656,317.52610864112506,-23.33219121904743,15.053096,0.84433746,0.5528624740031557,5.938895372974781,0.4164248221881349,5721.5103
6804695980464077056,317.5714007790926,-23.46017881147661,15.118519,0.7342186,0.28750262487292566,3.7067613950803873,-3.462432307842012,5923.241
6804799746873848448,317.74028943327545,-23.241886403739063,15.183549,1.9850168,3.8940316426611132,-51.5191368622363,-31.194314723310423,4120.0547
6804699863114529664,317.4591025605714,-23.41445863983982,15.183952,1.1571989,1.0450879043248935,7.51309180404277,-12.980922209032801,4843.475
6804707800214102400,317.55892128471316,-23.268651180907362,15.258147,1.008997,1.1308588578288208,14.988839138704712,-8.27048402331285,5092.1094
6804695671226426240,317.6275660107188,-23.474776750931127,15.262444,0.872879,0.7060228734757391,-5.6948025121351264,-3.4529747627661456,6050.7783
6804710269818780032,317.6299792597833,-23.18041834660529,15.2655945,1.040884,0.16019644435539243,7.457663165510734,-3.1085178703899787,5721.1143
6804803904402203648,317.67025349680614,-23.16531038944873,15.2699995,1.0171242,1.108713613672405,0.45173870844278463,-2.362423788960567,5211.8413
6804799781233588480,317.7505043873967,-23.223482201742744,15.279627,1.0285625,1.0374482352982597,-2.8468031546503454,-6.347860258308447,5235.6235
6804702440094892160,317.64284455123493,-23.39971969310977,15.311884,0.8296671,0.4820323746198163,0.7765900583867936,-6.317904648076298,5557.7656
6804802770530829440,317.7076278947057,-23.219536450905842,15.336601,0.9650297,0.5260059344763827,-13.894290243488745,-11.263596725030457,5140.391
6804703883204059008,317.73723611775375,-23.36856570803855,15.352732,0.87924194,0.4615169116003439,-8.012286014062958,-2.743665882533995,6064.1533
6804804076200897792,317.6588980439661,-23.158477447392766,15.359372,0.9751663,0.7829075084002508,-2.0511023025265946,-13.54988998733629,5383.306
6804802770530829696,317.7172380256793,-23.21066283827599,15.383729,1.5715771,2.0488042627203678,11.252912336198216,-5.6638719175827115,4499.326
6804802736171090048,317.733472101289,-23.218669680015232,15.398003,1.0791378,0.26198737270201716,3.543183169568513,-2.0193946198782644,5280.248
6804816995462537472,317.59167451403283,-23.112288036169755,15.44103,1.3838148,1.763421928397533,18.18703833837287,-4.884686996766641,4587.7944
6804705253298313472,317.68404640018827,-23.308861141583417,15.473259,1.7835255,3.5071164025762696,-23.580956107937283,-9.120272034583605,
6804700064976802688,317.53323433849914,-23.396432280239107,15.514177,0.83606815,0.7364003706711197,11.30018858292041,6.838473128597334,5681.5586
6804703161649405952,317.59451789500145,-23.365156454053622,15.5672,1.1026297,1.2105080862870081,14.535500919703756,-13.015377789172092,4990.447
6804708281250576256,317.66497918916315,-23.28479587207278,15.57435,1.2769308,0.07022035151616242,0.8874843342594143,-2.7690297083134667,5534.264
6804803285926905088,317.7715615102077,-23.17520191654121,15.605386,1.5290318,2.1175952641212548,-12.36542010298054,-14.16735715660718,4402.7856
6804705429392289152,317.7332219315875,-23.301327927586545,15.619198,0.9464426,0.7870243423519419,2.25111665170365,-14.06653362956085,5257.3804
6804703092929927168,317.6077146625073,-23.375479304795444,15.627566,0.8070383,0.5005802871961954,-0.019435167541871357,-8.67322158736429,5669.6904
6804804385438539904,317.7315140112467,-23.134212350325797,15.658642,1.1318159,0.4623411057838698,-9.34390744544104,-5.5712128057381385,5007.5576
6804815964670378496,317.62443649645496,-23.14000633965569,15.665802,1.0177116,0.9456992108860839,-4.414409673169121,-4.459885384178144,5120.9478
6804707490976456960,317.51500285609796,-23.299546919966055,15.685539,1.0847769,0.25761285505084186,0.7381253588250589,-11.081279205876537,5154.288
6804696495860158080,317.51720529157865,-23.463357169714687,15.703539,1.8723888,2.5056701516759556,-2.619255321415319,-15.061794396733161,4175.4014
6804701855980081792,317.6222927251065,-23.43516214186,15.720844,0.8835764,0.7425012857344098,0.7007607160057557,-4.2352586277005875,5431.047
6804701993418288768,317.6500264900775,-23.424575820129153,15.742768,0.82287407,0.42466882529578814,-3.8778414511214487,-13.112693950498176,5565.3984
6804719242006985600,317.4630182253726,-23.28036694255419,15.795168,1.2068844,1.1539662099811852,2.260121339973719,-17.20597005183191,4742.2754
6804705635550720384,317.7534088990299,-23.269570258278442,15.816408,1.0668144,0.905493609475918,3.8028543522643377,3.4406590394016767,5044.0986
6804706906860897536,317.5883583228841,-23.30492047817592,15.819118,2.4330769,5.907720150617658,-14.903706950040696,-25.38469599650133,3480.4663
6804721471094132352,317.5738189830677,-23.204581869850855,15.838013,1.082778,0.28947144120774687,-2.4297113998626156,-3.7386728270866207,5398.556
6804804007481418880,317.6917900550485,-23.147594221571314,15.841429,0.8432512,0.40620053363749287,9.477519853985806,-23.9088380777114,5753.3696
6804798647362213248,317.78725247226953,-23.27621700526008,15.852934,1.2034969,0.05948302851430999,-4.054256822376551,-6.2116731422017155,5040.2925
6804720788195325056,317.46062989365913,-23.224551601140064,15.854396,1.5035009,2.1802806682489533,62.08363291698972,0.9897696979892749,4342.584
6804702955490973056,317.58712352782993,-23.398047611386243,15.862546,0.84452724,0.5542698290115067,3.6191814098657247,2.6402106113121997,5613.0933
6804699519517140352,317.49516098954336,-23.431314774528484,15.920319,0.90527725,1.1113169615503447,11.185732095842981,-22.93970596819043,5501.823
6804799231477766784,317.8317319138486,-23.23290906335676,15.9240675,1.0151262,0.9304266528055866,17.512383146284346,3.1807012303614566,5093.032
6804513457237674880,317.7511492368636,-23.459742563492355,15.939446,1.402894,0.7663885753340027,2.2564570183434842,-13.95158269236253,4913.7026
6804709655639976704,317.58549062206174,-23.22872416362653,15.94386,0.90669346,0.7129090418843035,8.265006353994384,-5.438274783397308,5406.496
6804709896158284800,317.6321467478449,-23.203540108290834,15.948078,1.0823088,0.30752667411541224,10.850979595904683,-11.637912207866673,5148.0977
6804703024210451072,317.5778237780832,-23.39211125877511,15.952394,1.3183298,1.2979475613253408,0.5760711277754444,-8.466378972516814,4557.135
6804803182847694464,317.7127630074948,-23.16778365864055,15.956093,1.1780844,1.1437353351987312,14.066931835090447,1.5887062041218205,4746.5054
6804700309791128576,317.50104777261623,-23.38520823154551,15.982586,1.0417881,0.9236561016193328,-6.497402880617497,-7.087435454607334,
6804708521768603904,317.609509396467,-23.267406845758998,15.98564,1.9271193,2.4303456962170586,-6.881254554623816,-38.44802616948026,3651.3684
6804514389246752384,317.71645142413513,-23.444196556618017,15.998659,0.8840084,0.7024511225274715,0.6140702893073097,-4.561919669460195,5614.6587
6804707559695935616,317.50569474773664,-23.289527035405563,15.99906,2.2627144,4.178541625490391,31.609863372801854,-20.507487097984836,
6804708345674595200,317.6557550178745,-23.276328282483806,16.001278,1.8497276,2.548284960607013,-9.313866367391768,6.024140173210626,4101.734
6804704703542319360,317.7693717995411,-23.301420797195913,16.023705,0.90536594,0.6478663372202219,-4.477360988566843,-12.531830743191186,5506.3467
6804704158081966848,317.72297356789056,-23.355014169932733,16.051157,0.9923754,0.33497462965518054,-3.907053443323564,-3.4796579228970876,5320.327
6804699897474263040,317.5045490573856,-23.420042792614012,16.054104,0.6724806,0.31444412897480895,5.918334306234649,-11.376864922543636,6513.9395
6804516622629832320,317.77694581766326,-23.365669797324674,16.064604,1.7779875,2.047468192443846,-16.176286799378566,-12.811275551626736,4254.554
6804514011289630848,317.6677220303375,-23.460658097826787,16.071087,0.7988577,0.297070245292739,-9.31216815003683,-18.53566950502111,5646.6113
6804708831006390912,317.70575718770965,-23.243764871547302,16.08178,0.9237623,0.5855255389739129,-2.8552909610189534,-18.87332832583459,5389.924
6804709449480973056,317.60579843522953,-23.230695763760618,16.088305,0.93495655,0.6238174639744926,6.5544701087425725,-3.906771933546225,5253.0156
6804720856914696704,317.45282399088364,-23.219739602110486,16.10735,1.126751,0.28034041910459806,0.1950838723549856,-5.377048561592628,4990.704
6804721337951025536,317.5435320280874,-23.22892143274318,16.109135,0.48484707,0.09201904467019917,0.25736809107013725,-3.948881130167921,7233.767
6804709724359455616,317.5797733647782,-23.217632431447928,16.11749,0.8357706,0.42384122259240925,2.594044704655462,-0.9633306203812109,5643.5776
6804719654323848320,317.4603890726186,-23.25650175799133,16.16422,1.4578552,1.5815405117091998,0.7586623034508264,-8.803554861606298,4497.3926
6804704913996197632,317.6716352382696,-23.332434003784368,16.166237,1.0412283,0.5976990083093033,2.353326310657071,-5.966657935195406,5172.884
6804803973122620032,317.71392865516407,-23.164083458985598,16.17368,1.9610882,-1.3076086852589623,5.431067525288876,2.191265902741573,
6804695636866686464,317.6169184196642,-23.498730093591625,16.181314,1.2100983,1.057048392283044,-4.0862917202903715,-2.084641188048712,4777.9507
6804700172352321536,317.4785172713382,-23.40623873104973,16.19848,0.9032688,0.4483253777641562,-4.21678011205246,-11.320803424838273,5380.3276
6804722540541878016,317.51054551457014,-23.168627478563923,16.202656,2.197566,3.8155663376038405,18.71339371165191,-17.334479805677695,3720.1663
6804695636866687616,317.6162051981958,-23.48527784562325,16.225166,0.9258652,0.564745949439014,-0.6025740422076851,-10.342130117397883,5363.5654
6804701061409248640,317.4591749588432,-23.378997244522335,16.225868,0.65060616,0.34214894508961463,-11.902725346381583,-21.293268226753224,6285.7036
6804719516884895360,317.43665623760006,-23.266977407834226,16.24976,1.0092688,0.7762012662375266,7.208373949295218,-1.9155005557472369,5044.9155
6804803457725599232,317.77511686421565,-23.150772802329122,16.25412,0.8448591,0.5435858348497684,3.2370146592080804,-8.507991561784587,5527.8755
6804798814864832000,317.80954750817915,-23.25231593508884,16.260668,0.9023943,0.5729174096178216,3.803954433684019,-4.868569128433743,5376.3184
6804705974851829504,317.5654249933098,-23.37903854055145,16.276043,0.89193153,0.5238854051431894,1.7483190874574028,-3.772030797073576,5417.5454
6804707490976456704,317.520480291592,-23.29793980514312,16.3236,1.0266933,0.1340433492385383,2.489236888235863,-7.0322515414106395,5037.0923
6804708178171213312,317.6423542602724,-23.293729690640944,16.323893,1.1593246,0.9691947779387046,-10.987274294931304,-13.128450015926145,4726.517
6804703573966266112,317.61662482786625,-23.35210673107827,16.335722,1.1814051,0.6995712165639617,-4.431150743927815,-4.996997067249493,5031.5425
6804696014823813760,317.5975798403381,-23.45146537131604,16.377735,1.0257063,0.16438520452142985,-5.588957972448016,-9.384240378906041,5754.8574
6804798436907705984,317.8360429210253,-23.293697431838687,16.381485,1.4444218,1.1453532557380965,18.509704958080874,-10.835882822906223,4491.1377
6804703127289667072,317.58073331240723,-23.38265241647646,16.40636,0.9760542,0.5854531941739763,0.954432708723699,-7.732686088819785,5190.9966
6804516519550616832,317.8327235100373,-23.343513256328382,16.408249,2.037918,1.8729281087302234,10.969320041164034,-2.3386480642737713,4065.2632
6804703741469616384,317.7192501203726,-23.385029406356267,16.446045,1.3873472,1.0863806942558243,8.791641293125878,-2.6919105521568887,4497.7456
6804702474454628992,317.66587767500755,-23.39126799429945,16.453735,1.0538654,0.6451937523454812,5.161335422748402,-4.558879527995627,4964.8013
6804514080009104896,317.72289601584237,-23.476160946613017,16.45395,1.0005331,0.5524470855184587,-0.6363482421794118,-7.4983181078665435,5136.5996
6804514423606491392,317.69308461171437,-23.43987430866659,16.457243,0.9318085,0.027665021814024904,-0.9916374445008965,-3.9975042819085767,6106.091
6804709105884300416,317.67025571251395,-23.227057057966487,16.465384,1.4966402,1.234729331121157,16.63820611529918,7.839415307380344,4342.6772
6804705051435167616,317.69046798849814,-23.317395749300363,16.473082,1.8183737,1.7679894123828401,4.952783100208297,4.800465181836708,4148.42
6804799197118028800,317.82430238735765,-23.235308788354825,16.476818,0.8711052,0.3011376511103442,1.4695864121918787,-9.85673583830551,5502.4517
6804816170828812160,317.6073962912564,-23.127814732862927,16.531988,1.7766314,2.1461900841544344,18.06872771990123,-23.304833945926553,4184.4033
6804721681548414208,317.5142782687437,-23.20344484630116,16.560978,0.8015022,0.3862653292572421,-6.077957609306892,-3.204626375410933,5739.8857
6804702646253321856,317.5934803074985,-23.435377442362483,16.571005,0.8789005,0.7133002591831744,8.644657019746827,-19.632926008627138,5407.4756
6804705390737082496,317.7312670553839,-23.310398038383948,16.571327,1.0637522,0.30852951665320044,-6.850690815397092,-7.346846880770613,5028.1714
6804702577533846400,317.6702857980941,-23.37519593356471,16.590347,1.1514921,0.6463208066240006,-0.01199354296567906,-1.674100686171749,4840.9736
6804719134631748352,317.46054009584645,-23.309413860424105,16.595903,1.0540304,0.23112448186214718,4.967806431372139,-4.455246914161387,5244.187
6804704879636474240,317.6975134127541,-23.336361431750774,16.62556,0.8236351,0.28544078482425095,-7.7726628957845,-16.09032665470807,5565.707
6804708865366129664,317.70472750005626,-23.237573302427805,16.62857,1.7492723,1.2653052753429765,4.518830374867079,1.8494696729031994,4149.691
6804722368743313792,317.58178275054775,-23.132257430737575,16.666351,2.5157604,5.122038004148464,25.13092301967493,-22.371791306250188,3474.464
6804610665233374720,317.831803995316,-23.313651765693496,16.668833,1.2318039,0.9355059823670928,-3.7093509688915036,-7.1339316277764215,4722.554
6804700103632694656,317.5153636866101,-23.39852705288275,16.676342,0.82286835,0.3952701062431785,-0.007192900383102607,-11.982421457252318,5612.696
6804705871773437568,317.70917581729606,-23.256410536456997,16.677794,0.94589806,0.4833544252237117,8.145137882380197,-4.886743438073429,5271.947
6804802938033449728,317.7395270700906,-23.184330078440805,16.691582,1.1874313,0.7730044850098109,-5.407092483287535,-2.3484221940318495,4657.8086
6804799708218030080,317.76019391334785,-23.243967579300293,16.715374,1.0169754,0.6663210062627883,-1.5091244782243525,-6.171554258073506,5082.279
6804803938761940608,317.7008468855511,-23.161787167817288,16.752419,0.68616104,0.1948339869896487,9.954006477734268,-8.590319518013994,6091.6436
6804798303764826624,317.81732628789206,-23.31050311536022,16.762691,0.837574,0.3448812017148523,-0.4930542041078861,-1.3711740308318603,5630.2026
6804707800214100992,317.5548971886986,-23.279705372190893,16.776886,2.3317432,3.1838344193032295,12.319946898742636,-5.044061048166908,3572.1555
6804708453049123968,317.63343185517095,-23.276065136331006,16.784071,0.9965954,0.5756862540917094,3.0584684417871584,-17.858989813678747,5032.402
6804798647362212224,317.78976199862916,-23.277626599861097,16.787651,1.1894302,0.8254804801370083,-9.751800277811746,3.2739342301339254,4720.7524
6804710269819967360,317.62677043295537,-23.173135116583058,16.792192,0.81538963,0.3075270788051002,-11.058798676415844,-7.039576487191189,5666.3984
6804798338124565376,317.8205691670249,-23.29534143301389,16.79377,0.8719921,0.36529646971474955,-5.920835917109966,-2.4217373615700883,5518.933
6804701581101587456,317.6559751060926,-23.461196286542833,16.804016,1.0773907,0.6784374989145949,8.50163046572859,-3.4755353465016094,4959.171
6804722540541879808,317.4998630649164,-23.162672299616283,16.807089,1.0641937,0.2476338903907257,1.1641931776057834,-6.437030927172357,4968.0513
6804708517472654208,317.61309706510315,-23.271821795409355,16.84129,1.0666962,0.22569701199694522,-3.545161558039229,-4.054221453780425,5004.4194
6804709135948592896,317.6943363069806,-23.2122359646393,16.843592,0.9286499,0.047534311606556495,-7.415335993653074,-9.960174184213942,5262.0522
6804699996257308416,317.5019311397681,-23.40887284887128,16.871593,0.83094025,0.29575517707762367,4.007595790788526,-3.362026327720796,5549.875
6804815930310637696,317.6472123293958,-23.13975285451525,16.872425,0.8277836,0.38055552295859124,3.462219223828753,-3.082094112466714,5641.118
6804700133696296192,317.53199487874815,-23.38659722616845,16.875538,1.107584,0.847709488504683,5.161648907051216,-18.856146581293387,4864.219
6804816200892491520,317.63278116368514,-23.11512757959195,16.877028,0.83176994,0.4021901463137434,2.7954247160159666,-1.3924090717842854,5570.427
6804708899725868160,317.6972321724063,-23.2369255812578,16.903008,0.89234734,0.4076983220105621,6.982007358108044,-4.710714391980857,5460.0386
6804799570779077248,317.79862166323625,-23.240530107072395,16.90641,0.42067146,0.1299956514971205,11.411384710068582,-5.987084071550577,7312.9736
6804704295520919680,317.76573834039857,-23.342357530093924,16.909796,1.5543747,0.8405998489487065,12.711613241687013,-5.778705886735732,4083.347
6804804278063272192,317.6700917514317,-23.126837675153073,16.909924,0.82276344,0.20435433926001667,-5.103918081152868,-2.065825393364724,5591.911
6804704226801445120,317.7152065581877,-23.331012188112016,16.915285,0.8820915,0.31765039952724494,0.9648499897672709,-4.727176314777249,5444.9497
6804803114128214144,317.72354012940355,-23.193135767866995,16.928417,1.2793922,0.8725168672745836,-1.727958454121578,-0.4752602175818963,4535.8096
6804696594643115136,317.55479229046574,-23.470295018400734,16.94021,0.69656944,0.3838629121209297,1.9994190628843596,-18.688911382467158,6026.366
6804800227910185856,317.7924004690622,-23.206404553722265,16.964716,1.7995052,1.1160906866384783,-12.890293673183656,-5.022323276311426,4173.2446
6804515724980412288,317.76833160951486,-23.438654581685363,16.968378,0.8356514,0.41090312617298824,-2.815658516055789,-5.23473439173372,5544.3145
6804513324094858112,317.7348018458659,-23.484890248677857,16.971817,0.8688297,0.25356450878915093,-3.969693974675094,-3.99546338882304,5508.4663
6804705154513662592,317.67616063323123,-23.3163365126776,16.974499,0.8118324,0.2972227985892106,-3.73235021354951,-12.38912550827894,5605.5054
6804507998335416064,317.6354513633254,-23.496849476383286,16.977188,0.8102646,0.33721488151401197,-1.6158153139572535,-2.803677322528428,5620.4688
6804705223233711616,317.6526598285517,-23.303272629176,16.980068,0.7360077,0.10936783377290724,11.672249156738035,-5.446929614667221,5877.775
6804701821619596672,317.6106073160819,-23.45443017808861,16.991343,0.99931717,0.47856261352933327,-11.011547255015001,-13.560052095989768,5077.471
6804697011256235264,317.54573443431104,-23.43025546146175,16.998562,0.8082619,0.14211212393272438,-4.4662693162061355,-7.011333398591017,5641.3906
