hostname,pl_name,pl_letter,pl_orbper,pl_orbsmax,pl_rade,pl_radj,pl_bmasse,pl_orbeccen,pl_eqt,pl_orbper_reflink,pl_rade_reflink,st_teff,st_rad,st_mass,st_spectype,sy_dist,disc_year,discoverymethod,tran_flag
"51 Peg","51 Peg b","b",4.23079660000,0.0520000000,14.10000000,1.26000000,193.87532827,0.006300,1328.93,"<a refstr=CONT_ET_AL_2026 href=https://ui.adsabs.harvard.edu/abs/2026A&A...710A.345C/abstract target=ref>Cont et al. 2026</a>","<a refstr=CALCULATED_VALUE href=/docs/pscp_calc.html target=_blank>Calculated Value</a>",5761.00,1.190000,1.070000,"G5V",15.46140000,1995,"Radial Velocity",0
"AU Mic","AU Mic b","b",8.46344600000,0.0700000000,4.79000000,0.42733591,8.99000000,0.070000,554.80,"<a refstr=MALLORQUIN_ET_AL_2024 href=https://ui.adsabs.harvard.edu/abs/2024A&A...689A.132M/abstract target=ref>Mallorqu&iacute;n et al. 2024</a>","<a refstr=MALLORQUIN_ET_AL_2024 href=https://ui.adsabs.harvard.edu/abs/2024A&A...689A.132M/abstract target=ref>Mallorqu&iacute;n et al. 2024</a>",3540.00,0.862000,0.635000,"M1 V",9.72210000,2020,"Transit",1
"AU Mic","AU Mic d","d",12.73596000000,,1.02000000,0.09120000,1.05300000,0.003050,,"<a refstr=WITTROCK_ET_AL__2023 href=https://ui.adsabs.harvard.edu/abs/2023AJ....166..232W/abstract target=ref>Wittrock et al. 2023</a>","<a refstr=CALCULATED_VALUE href=/docs/pscp_calc.html target=_blank>Calculated Value</a>",3678.00,0.744000,0.510000,"M1 V",9.72210000,2023,"Transit Timing Variations",0
"AU Mic","AU Mic c","c",18.85902300000,0.1190000000,2.79000000,0.24890756,14.46000000,0.180000,424.70,"<a refstr=MALLORQUIN_ET_AL_2024 href=https://ui.adsabs.harvard.edu/abs/2024A&A...689A.132M/abstract target=ref>Mallorqu&iacute;n et al. 2024</a>","<a refstr=MALLORQUIN_ET_AL_2024 href=https://ui.adsabs.harvard.edu/abs/2024A&A...689A.132M/abstract target=ref>Mallorqu&iacute;n et al. 2024</a>",3540.00,0.862000,0.635000,"M1 V",9.72210000,2021,"Transit",1
"AU Mic","AU Mic e","e",33.11000000000,,4.87000000,0.43400000,21.10000000,,,"<a refstr=DONATI_ET_AL__2025 href=https://ui.adsabs.harvard.edu/abs/2025A&A...700A.227D/abstract target=ref>Donati et al. 2025</a>","<a refstr=CALCULATED_VALUE href=/docs/pscp_calc.html target=_blank>Calculated Value</a>",3665.00,0.820000,0.600000,"M1 V",9.72210000,2025,"Radial Velocity",0
"DS Tuc A","DS Tuc A b","b",8.13826800000,,5.70000000,0.50851994,413.17900000,0.000000,850.00,"<a refstr=NEWTON_ET_AL__2019 href=https://ui.adsabs.harvard.edu/abs/2019ApJ...880L..17N/abstract target=ref>Newton et al. 2019</a>","<a refstr=NEWTON_ET_AL__2019 href=https://ui.adsabs.harvard.edu/abs/2019ApJ...880L..17N/abstract target=ref>Newton et al. 2019</a>",5428.00,0.964000,1.010000,"G6 V",44.06220000,2019,"Transit",1
"GJ 1214","GJ 1214 b","b",1.58040453100,0.0150500000,2.73300000,0.24382235,8.41000000,0.006200,567.00,"<a refstr=MAHAJAN_ET_AL__2024 href=https://ui.adsabs.harvard.edu/abs/2024ApJ...963L..37M/abstract target=ref>Mahajan et al. 2024</a>","<a refstr=MAHAJAN_ET_AL__2024 href=https://ui.adsabs.harvard.edu/abs/2024ApJ...963L..37M/abstract target=ref>Mahajan et al. 2024</a>",3101.00,0.216200,0.182000,"M4 V",14.64270000,2009,"Transit",1
"HD 209458","HD 209458 b","b",3.52474859000,0.0470700000,15.58051000,1.39000000,232.01590000,0.000000,1459.00,"<a refstr=STASSUN_ET_AL__2017 href=https://ui.adsabs.harvard.edu/abs/2017AJ....153..136S/abstract target=ref>Stassun et al. 2017</a>","<a refstr=STASSUN_ET_AL__2017 href=https://ui.adsabs.harvard.edu/abs/2017AJ....153..136S/abstract target=ref>Stassun et al. 2017</a>",6091.00,1.190000,1.230000,"G0 V",48.30160000,1999,"Radial Velocity",1
"HD 39091","pi Men c","c",6.26783990000,0.0683900000,2.01890000,0.18011450,3.63000000,0.000000,1169.80,"<a refstr=KUNOVAC_HODZIC_ET_AL_2021 href=https://ui.adsabs.harvard.edu/abs/2021MNRAS.502.2893K/abstract target=ref>Kunovac Hod&#x17E;i&#x107; et al. 2021</a>","<a refstr=KUNOVAC_HODZIC_ET_AL_2021 href=https://ui.adsabs.harvard.edu/abs/2021MNRAS.502.2893K/abstract target=ref>Kunovac Hod&#x17E;i&#x107; et al. 2021</a>",5998.00,1.170000,1.070000,"G0 V",18.27020000,2018,"Transit",1
"HD 39091","pi Men d","d",124.64000000000,0.5060000000,3.72000000,0.33200000,13.38000000,0.220000,443.55,"<a refstr=HATZES_ET_AL__2022 href=https://ui.adsabs.harvard.edu/abs/2022AJ....163..223H/abstract target=ref>Hatzes et al. 2022</a>","<a refstr=CALCULATED_VALUE href=/docs/pscp_calc.html target=_blank>Calculated Value</a>",5998.00,1.190000,1.070000,"G0 V",18.27020000,2022,"Radial Velocity",0
"HD 39091","HD 39091 b","b",2088.80000000000,3.2800000000,12.30000000,1.10000000,4481.38053870,0.642000,172.74,"<a refstr=DAMASSO_ET_AL__2020 href=https://ui.adsabs.harvard.edu/abs/2020A&A...642A..31D/abstract target=ref>Damasso et al. 2020</a>","<a refstr=CALCULATED_VALUE href=/docs/pscp_calc.html target=_blank>Calculated Value</a>",5998.00,1.170000,1.070000,"G0 V",18.27020000,2001,"Radial Velocity",0
"Proxima Cen","Proxima Cen d","d",5.12338000000,0.0288100000,0.69200000,0.06180000,0.26000000,0.000000,282.00,"<a refstr=SU_AMP_AACUTE_REZ_MASCARE_AMP_NTILDE_O_ET_AL__2025 href=https://ui.adsabs.harvard.edu/abs/2025A&A...700A..11M/abstract target=ref>Su&aacute;rez Mascare&ntilde;o et al. 2025</a>","<a refstr=CALCULATED_VALUE href=/docs/pscp_calc.html target=_blank>Calculated Value</a>",2900.00,0.141000,0.122100,"M5.5 V",1.30119000,2025,"Radial Velocity",0
"Proxima Cen","Proxima Cen b","b",11.18465000000,0.0484800000,1.02000000,0.09130000,1.05500000,0.000000,218.00,"<a refstr=SU_AMP_AACUTE_REZ_MASCARE_AMP_NTILDE_O_ET_AL__2025 href=https://ui.adsabs.harvard.edu/abs/2025A&A...700A..11M/abstract target=ref>Su&aacute;rez Mascare&ntilde;o et al. 2025</a>","<a refstr=CALCULATED_VALUE href=/docs/pscp_calc.html target=_blank>Calculated Value</a>",2900.00,0.141000,0.122100,"M5.5 V",1.30119000,2016,"Radial Velocity",0
"TRAPPIST-1","TRAPPIST-1 b","b",1.51082600000,0.0115400000,1.11600000,0.09956302,1.37400000,0.006220,397.60,"<a refstr=AGOL_ET_AL__2021 href=https://ui.adsabs.harvard.edu/abs/2021PSJ.....2....1A/abstract target=ref>Agol et al. 2021</a>","<a refstr=AGOL_ET_AL__2021 href=https://ui.adsabs.harvard.edu/abs/2021PSJ.....2....1A/abstract target=ref>Agol et al. 2021</a>",2566.00,0.119200,0.089800,"M8.0 V",12.42988881,2016,"Transit",1
"TRAPPIST-1","TRAPPIST-1 c","c",2.42193700000,0.0158000000,1.09700000,0.09786795,1.30800000,0.006540,339.70,"<a refstr=AGOL_ET_AL__2021 href=https://ui.adsabs.harvard.edu/abs/2021PSJ.....2....1A/abstract target=ref>Agol et al. 2021</a>","<a refstr=AGOL_ET_AL__2021 href=https://ui.adsabs.harvard.edu/abs/2021PSJ.....2....1A/abstract target=ref>Agol et al. 2021</a>",2566.00,0.119200,0.089800,"M8.0 V",12.42988881,2016,"Transit",1
"TRAPPIST-1","TRAPPIST-1 d","d",4.04921900000,0.0222700000,0.78800000,0.07030077,0.38800000,0.008370,286.20,"<a refstr=AGOL_ET_AL__2021 href=https://ui.adsabs.harvard.edu/abs/2021PSJ.....2....1A/abstract target=ref>Agol et al. 2021</a>","<a refstr=AGOL_ET_AL__2021 href=https://ui.adsabs.harvard.edu/abs/2021PSJ.....2....1A/abstract target=ref>Agol et al. 2021</a>",2566.00,0.119200,0.089800,"M8.0 V",12.42988881,2016,"Transit",1
"TRAPPIST-1","TRAPPIST-1 e","e",6.10101300000,0.0292500000,0.92000000,0.08207704,0.69200000,0.005100,249.70,"<a refstr=AGOL_ET_AL__2021 href=https://ui.adsabs.harvard.edu/abs/2021PSJ.....2....1A/abstract target=ref>Agol et al. 2021</a>","<a refstr=AGOL_ET_AL__2021 href=https://ui.adsabs.harvard.edu/abs/2021PSJ.....2....1A/abstract target=ref>Agol et al. 2021</a>",2566.00,0.119200,0.089800,"M8.0 V",12.42988881,2017,"Transit",1
"TRAPPIST-1","TRAPPIST-1 f","f",9.20754000000,0.0384900000,1.04500000,0.09322882,1.03900000,0.010070,217.70,"<a refstr=AGOL_ET_AL__2021 href=https://ui.adsabs.harvard.edu/abs/2021PSJ.....2....1A/abstract target=ref>Agol et al. 2021</a>","<a refstr=AGOL_ET_AL__2021 href=https://ui.adsabs.harvard.edu/abs/2021PSJ.....2....1A/abstract target=ref>Agol et al. 2021</a>",2566.00,0.119200,0.089800,"M8.0 V",12.42988881,2017,"Transit",1
"TRAPPIST-1","TRAPPIST-1 g","g",12.35244600000,0.0468300000,1.12900000,0.10072281,1.32100000,0.002080,197.30,"<a refstr=AGOL_ET_AL__2021 href=https://ui.adsabs.harvard.edu/abs/2021PSJ.....2....1A/abstract target=ref>Agol et al. 2021</a>","<a refstr=AGOL_ET_AL__2021 href=https://ui.adsabs.harvard.edu/abs/2021PSJ.....2....1A/abstract target=ref>Agol et al. 2021</a>",2566.00,0.119200,0.089800,"M8.0 V",12.42988881,2017,"Transit",1
"TRAPPIST-1","TRAPPIST-1 h","h",18.77286600000,0.0618900000,0.75500000,0.06735670,0.32600000,0.005670,171.70,"<a refstr=AGOL_ET_AL__2021 href=https://ui.adsabs.harvard.edu/abs/2021PSJ.....2....1A/abstract target=ref>Agol et al. 2021</a>","<a refstr=AGOL_ET_AL__2021 href=https://ui.adsabs.harvard.edu/abs/2021PSJ.....2....1A/abstract target=ref>Agol et al. 2021</a>",2566.00,0.119200,0.089800,"M8.0 V",12.42988881,2017,"Transit",1
"WASP-12","WASP-12 b","b",1.09141890100,0.0234000000,22.02564708,1.96500000,467.21010000,0.044700,2601.00,"<a refstr=LEONARDI_ET_AL__2024 href=https://ui.adsabs.harvard.edu/abs/2024A&A...686A..84L/abstract target=ref>Leonardi et al. 2024</a>","<a refstr=LEONARDI_ET_AL__2024 href=https://ui.adsabs.harvard.edu/abs/2024A&A...686A..84L/abstract target=ref>Leonardi et al. 2024</a>",6265.00,1.690000,1.325000,,427.24600000,2008,"Transit",1
"WASP-126","WASP-126 b","b",3.28883000000,0.0449000000,10.51358773,0.93796109,90.30000000,0.180000,1480.00,"<a refstr=PEARSON_2019 href=https://ui.adsabs.harvard.edu/abs/2019AJ....158..243P/abstract target=ref>Pearson 2019</a>","<a refstr=EXOFOP href=https://exofop.ipac.caltech.edu/tess/view_toi.php target=ref>ExoFOP</a>",5800.00,1.270000,1.120000,"G2",216.52600000,2016,"Transit",1
