plntname,centralwavelng,bandwidth,especlipdep,especlipdeperr1,especlipdeperr2,especlipdeplim,espbritemp,espbritemperr1,espbritemperr2,espbritemplim,facility,instrument,note,plntreflink
"GJ 1214 b",5.2500,0.5000,0.013400,0.003000,-0.002800,0,,,,,"NASA 6.5m James Webb Space Telescope (JWST) Satellite Mission","Mid-Infrared Instrument (MIRI) - LRS",,"<a refstr=KEMPTON_ET_AL__2023 href=https://ui.adsabs.harvard.edu/abs/2023arXiv230506240K/abstract target=ref>Kempton et al. 2023</a>"
"GJ 1214 b",5.7500,0.5000,0.018400,0.003000,-0.003100,0,,,,,"NASA 6.5m James Webb Space Telescope (JWST) Satellite Mission","Mid-Infrared Instrument (MIRI) - LRS",,"<a refstr=KEMPTON_ET_AL__2023 href=https://ui.adsabs.harvard.edu/abs/2023arXiv230506240K/abstract target=ref>Kempton et al. 2023</a>"
"GJ 1214 b",6.2500,0.5000,0.022800,0.003000,-0.002900,0,,,,,"NASA 6.5m James Webb Space Telescope (JWST) Satellite Mission","Mid-Infrared Instrument (MIRI) - LRS",,"<a refstr=KEMPTON_ET_AL__2023 href=https://ui.adsabs.harvard.edu/abs/2023arXiv230506240K/abstract target=ref>Kempton et al. 2023</a>"
"GJ 1214 b",6.7500,0.5000,0.024100,0.003300,-0.003300,0,,,,,"NASA 6.5m James Webb Space Telescope (JWST) Satellite Mission","Mid-Infrared Instrument (MIRI) - LRS",,"<a refstr=KEMPTON_ET_AL__2023 href=https://ui.adsabs.harvard.edu/abs/2023arXiv230506240K/abstract target=ref>Kempton et al. 2023</a>"
"GJ 1214 b",7.2500,0.5000,0.032400,0.003900,-0.003900,0,,,,,"NASA 6.5m James Webb Space Telescope (JWST) Satellite Mission","Mid-Infrared Instrument (MIRI) - LRS",,"<a refstr=KEMPTON_ET_AL__2023 href=https://ui.adsabs.harvard.edu/abs/2023arXiv230506240K/abstract target=ref>Kempton et al. 2023</a>"
"GJ 1214 b",7.7500,0.5000,0.042600,0.004600,-0.004100,0,,,,,"NASA 6.5m James Webb Space Telescope (JWST) Satellite Mission","Mid-Infrared Instrument (MIRI) - LRS",,"<a refstr=KEMPTON_ET_AL__2023 href=https://ui.adsabs.harvard.edu/abs/2023arXiv230506240K/abstract target=ref>Kempton et al. 2023</a>"
"GJ 1214 b",8.2500,0.5000,0.047400,0.003900,-0.004000,0,,,,,"NASA 6.5m James Webb Space Telescope (JWST) Satellite Mission","Mid-Infrared Instrument (MIRI) - LRS",,"<a refstr=KEMPTON_ET_AL__2023 href=https://ui.adsabs.harvard.edu/abs/2023arXiv230506240K/abstract target=ref>Kempton et al. 2023</a>"
"GJ 1214 b",8.7500,0.5000,0.063100,0.004500,-0.004700,0,,,,,"NASA 6.5m James Webb Space Telescope (JWST) Satellite Mission","Mid-Infrared Instrument (MIRI) - LRS",,"<a refstr=KEMPTON_ET_AL__2023 href=https://ui.adsabs.harvard.edu/abs/2023arXiv230506240K/abstract target=ref>Kempton et al. 2023</a>"
"GJ 1214 b",9.2500,0.5000,0.060400,0.004900,-0.004900,0,,,,,"NASA 6.5m James Webb Space Telescope (JWST) Satellite Mission","Mid-Infrared Instrument (MIRI) - LRS",,"<a refstr=KEMPTON_ET_AL__2023 href=https://ui.adsabs.harvard.edu/abs/2023arXiv230506240K/abstract target=ref>Kempton et al. 2023</a>"
"GJ 1214 b",9.7500,0.5000,0.075800,0.005700,-0.005700,0,,,,,"NASA 6.5m James Webb Space Telescope (JWST) Satellite Mission","Mid-Infrared Instrument (MIRI) - LRS",,"<a refstr=KEMPTON_ET_AL__2023 href=https://ui.adsabs.harvard.edu/abs/2023arXiv230506240K/abstract target=ref>Kempton et al. 2023</a>"
"GJ 1214 b",10.2500,0.5000,0.088100,0.006900,-0.007000,0,,,,,"NASA 6.5m James Webb Space Telescope (JWST) Satellite Mission","Mid-Infrared Instrument (MIRI) - LRS",,"<a refstr=KEMPTON_ET_AL__2023 href=https://ui.adsabs.harvard.edu/abs/2023arXiv230506240K/abstract target=ref>Kempton et al. 2023</a>"
"GJ 1214 b",10.7500,0.5000,0.096200,0.008300,-0.008300,0,,,,,"NASA 6.5m James Webb Space Telescope (JWST) Satellite Mission","Mid-Infrared Instrument (MIRI) - LRS",,"<a refstr=KEMPTON_ET_AL__2023 href=https://ui.adsabs.harvard.edu/abs/2023arXiv230506240K/abstract target=ref>Kempton et al. 2023</a>"
"GJ 1214 b",11.2500,0.5000,0.117400,0.011000,-0.011400,0,,,,,"NASA 6.5m James Webb Space Telescope (JWST) Satellite Mission","Mid-Infrared Instrument (MIRI) - LRS",,"<a refstr=KEMPTON_ET_AL__2023 href=https://ui.adsabs.harvard.edu/abs/2023arXiv230506240K/abstract target=ref>Kempton et al. 2023</a>"
"GJ 1214 b",11.7500,0.5000,0.118000,0.014800,-0.015000,0,,,,,"NASA 6.5m James Webb Space Telescope (JWST) Satellite Mission","Mid-Infrared Instrument (MIRI) - LRS",,"<a refstr=KEMPTON_ET_AL__2023 href=https://ui.adsabs.harvard.edu/abs/2023arXiv230506240K/abstract target=ref>Kempton et al. 2023</a>"
"HD 209458 b",1.1510,0.0530,0.004300,0.001600,-0.001600,0,,,,,"Hubble Space Telescope satellite","Wide Field Camera 3","Table 2","<a refstr=LINE_ET_AL__2016 href=https://ui.adsabs.harvard.edu/abs/2016AJ....152..203L/abstract target=ref>Line et al. 2016</a>"
"HD 209458 b",1.2040,0.0520,0.009700,0.001500,-0.001500,0,,,,,"Hubble Space Telescope satellite","Wide Field Camera 3","Table 2","<a refstr=LINE_ET_AL__2016 href=https://ui.adsabs.harvard.edu/abs/2016AJ....152..203L/abstract target=ref>Line et al. 2016</a>"
"HD 209458 b",1.2560,0.0520,0.011500,0.001500,-0.001500,0,,,,,"Hubble Space Telescope satellite","Wide Field Camera 3","Table 2","<a refstr=LINE_ET_AL__2016 href=https://ui.adsabs.harvard.edu/abs/2016AJ....152..203L/abstract target=ref>Line et al. 2016</a>"
"HD 209458 b",1.3080,0.0530,0.010900,0.001500,-0.001500,0,,,,,"Hubble Space Telescope satellite","Wide Field Camera 3","Table 2","<a refstr=LINE_ET_AL__2016 href=https://ui.adsabs.harvard.edu/abs/2016AJ....152..203L/abstract target=ref>Line et al. 2016</a>"
"HD 209458 b",1.3610,0.0530,0.008000,0.001500,-0.001500,0,,,,,"Hubble Space Telescope satellite","Wide Field Camera 3","Table 2","<a refstr=LINE_ET_AL__2016 href=https://ui.adsabs.harvard.edu/abs/2016AJ....152..203L/abstract target=ref>Line et al. 2016</a>"
"HD 209458 b",1.4140,0.0520,0.004300,0.001500,-0.001500,0,,,,,"Hubble Space Telescope satellite","Wide Field Camera 3","Table 2","<a refstr=LINE_ET_AL__2016 href=https://ui.adsabs.harvard.edu/abs/2016AJ....152..203L/abstract target=ref>Line et al. 2016</a>"
"HD 209458 b",1.4660,0.0520,0.008600,0.001500,-0.001500,0,,,,,"Hubble Space Telescope satellite","Wide Field Camera 3","Table 2","<a refstr=LINE_ET_AL__2016 href=https://ui.adsabs.harvard.edu/abs/2016AJ....152..203L/abstract target=ref>Line et al. 2016</a>"
"HD 209458 b",1.5180,0.0530,0.010700,0.001700,-0.001700,0,,,,,"Hubble Space Telescope satellite","Wide Field Camera 3","Table 2","<a refstr=LINE_ET_AL__2016 href=https://ui.adsabs.harvard.edu/abs/2016AJ....152..203L/abstract target=ref>Line et al. 2016</a>"
"HD 209458 b",1.5710,0.0530,0.016700,0.001700,-0.001700,0,,,,,"Hubble Space Telescope satellite","Wide Field Camera 3","Table 2","<a refstr=LINE_ET_AL__2016 href=https://ui.adsabs.harvard.edu/abs/2016AJ....152..203L/abstract target=ref>Line et al. 2016</a>"
"HD 209458 b",1.6240,0.0520,0.017000,0.001800,-0.001800,0,,,,,"Hubble Space Telescope satellite","Wide Field Camera 3","Table 2","<a refstr=LINE_ET_AL__2016 href=https://ui.adsabs.harvard.edu/abs/2016AJ....152..203L/abstract target=ref>Line et al. 2016</a>"
"HD 209458 b",3.6000,,0.106000,0.007000,-0.008000,0,1515,34,-37,0,"Spitzer Space Telescope satellite","Infrared Array Camera (IRAC)","Table 4, 2014 Feb 17","<a refstr=EVANS_ET_AL__2015 href=https://ui.adsabs.harvard.edu/abs/2015MNRAS.451..680E/abstract target=ref>Evans et al. 2015</a>"
"HD 209458 b",3.6000,,0.094000,0.009000,-0.009000,0,,,,,"Spitzer Space Telescope satellite","Infrared Array Camera (IRAC)","Table 1","<a refstr=KNUTSON_ET_AL__2008 href=https://ui.adsabs.harvard.edu/abs/2008ApJ...673..526K/abstract target=ref>Knutson et al. 2008</a>"
"HD 209458 b",3.6000,,0.119000,0.007000,-0.007000,0,,,,,"Spitzer Space Telescope","Infrared Array Camera (IRAC)","eclipse depth taken from Abstract","<a refstr=DIAMOND_LOWE_ET_AL__2014 href=https://ui.adsabs.harvard.edu/abs/2014ApJ...796...66D/abstract target=ref>Diamond-Lowe et al. 2014</a>"
"HD 209458 b",4.5000,,0.213000,0.015000,-0.015000,0,,,,,"Spitzer Space Telescope satellite","Infrared Array Camera (IRAC)","Table 1","<a refstr=KNUTSON_ET_AL__2008 href=https://ui.adsabs.harvard.edu/abs/2008ApJ...673..526K/abstract target=ref>Knutson et al. 2008</a>"
"HD 209458 b",4.5000,,0.123000,0.006000,-0.006000,0,,,,,"Spitzer Space Telescope","Infrared Array Camera (IRAC)","eclipse depth taken from Abstract","<a refstr=DIAMOND_LOWE_ET_AL__2014 href=https://ui.adsabs.harvard.edu/abs/2014ApJ...796...66D/abstract target=ref>Diamond-Lowe et al. 2014</a>"
"HD 209458 b",4.5000,,0.133000,0.011000,-0.011000,0,1426,47,-48,0,"Spitzer Space Telescope satellite","Infrared Array Camera (IRAC)","Table 4, 2010 Jan 21","<a refstr=EVANS_ET_AL__2015 href=https://ui.adsabs.harvard.edu/abs/2015MNRAS.451..680E/abstract target=ref>Evans et al. 2015</a>"
"HD 209458 b",4.5000,,0.139100,0.007200,-0.006900,0,1499,15,-15,0,"Spitzer Space Telescope satellite","Infrared Array Camera (IRAC)","eclipse depth taken from Abstract","<a refstr=ZELLEM_ET_AL__2014 href=https://ui.adsabs.harvard.edu/abs/2014ApJ...790...53Z/abstract target=ref>Zellem et al. 2014</a>"
"HD 209458 b",5.8000,,0.134000,0.035000,-0.035000,0,,,,,"Spitzer Space Telescope","Infrared Array Camera (IRAC)","eclipse depth taken from Abstract","<a refstr=DIAMOND_LOWE_ET_AL__2014 href=https://ui.adsabs.harvard.edu/abs/2014ApJ...796...66D/abstract target=ref>Diamond-Lowe et al. 2014</a>"
"HD 209458 b",5.8000,,0.301000,0.043000,-0.043000,0,,,,,"Spitzer Space Telescope satellite","Infrared Array Camera (IRAC)","Table 1","<a refstr=KNUTSON_ET_AL__2008 href=https://ui.adsabs.harvard.edu/abs/2008ApJ...673..526K/abstract target=ref>Knutson et al. 2008</a>"
"HD 209458 b",5.8000,,0.142000,0.059000,-0.058000,0,1297,225,-220,0,"Spitzer Space Telescope satellite","Infrared Array Camera (IRAC)","Table 4, 2005 Nov 28","<a refstr=EVANS_ET_AL__2015 href=https://ui.adsabs.harvard.edu/abs/2015MNRAS.451..680E/abstract target=ref>Evans et al. 2015</a>"
"HD 209458 b",8.0000,,0.215000,0.008000,-0.008000,0,,,,,"Spitzer Space Telescope","Infrared Array Camera (IRAC)","eclipse depth taken from Abstract","<a refstr=DIAMOND_LOWE_ET_AL__2014 href=https://ui.adsabs.harvard.edu/abs/2014ApJ...796...66D/abstract target=ref>Diamond-Lowe et al. 2014</a>"
"HD 209458 b",8.0000,,0.215000,0.012000,-0.012000,0,1397,41,-43,0,"Spitzer Space Telescope satellite","Infrared Array Camera (IRAC)","Table 4, 2007 Dec 25","<a refstr=EVANS_ET_AL__2015 href=https://ui.adsabs.harvard.edu/abs/2015MNRAS.451..680E/abstract target=ref>Evans et al. 2015</a>"
"HD 209458 b",8.0000,,0.240000,0.026000,-0.026000,0,,,,,"Spitzer Space Telescope satellite","Infrared Array Camera (IRAC)","Table 1","<a refstr=KNUTSON_ET_AL__2008 href=https://ui.adsabs.harvard.edu/abs/2008ApJ...673..526K/abstract target=ref>Knutson et al. 2008</a>"
"HD 209458 b",24.0000,,0.338000,0.026000,-0.026000,0,1320,80,-80,0,"Spitzer Space Telescope satellite","Multiband Imaging Photometer (MIPS)","B. temperature from abstract/text, not Table 5","<a refstr=CROSSFIELD_ET_AL__2012 href=https://ui.adsabs.harvard.edu/abs/2012ApJ...752...81C/abstract target=ref>Crossfield et al. 2012</a>"
"TRAPPIST-1 b",15.0000,3.0000,0.086100,0.009900,-0.009900,0,503,26,-27,0,"NASA 6.5m James Webb Space Telescope (JWST) Satellite Mission","Mid-Infrared Instrument (MIRI)",,"<a refstr=GREENE_ET_AL__2023 href=https://ui.adsabs.harvard.edu/abs/2023arXiv230314849G/abstract target=ref>Greene et al. 2023</a>"
"WASP-12 b",0.9000,,0.082000,0.015000,-0.015000,0,3028,99,-110,0,"Astrophysical Research Consortium (ARC) 3.5m Telescope At Apache Point Observatory (APO)","Seaver Prototype Imaging camera (SPICam)","text, Section 3, 2nd paragraph","<a refstr=L_OACUTE_PEZ_MORALES_ET_AL__2010 href=https://ui.adsabs.harvard.edu/abs/2010ApJ...716L..36L/abstract target=ref>L&oacute;pez-Morales et al. 2010</a>"
"WASP-12 b",1.0400,,0.109000,0.014000,-0.014000,0,,,,,"3.58m Canada-France-Hawaii Telescope (CFHT) at Mauna Kea Observatory","WIRCam","Table 5, WASP-12 Y band, Actual Eclipse Depth","<a refstr=CROLL_ET_AL__2015 href=https://ui.adsabs.harvard.edu/abs/2015ApJ...802...28C/abstract target=ref>Croll et al. 2015</a>"
"WASP-12 b",1.1250,0.0500,0.119000,0.017000,-0.017000,0,,,,,"Hubble Space Telescope satellite","Wide Field Camera 3","Table 3","<a refstr=STEVENSON_ET_AL__2014 href=https://ui.adsabs.harvard.edu/abs/2014ApJ...791...36S/abstract target=ref>Stevenson et al. 2014</a>"
"WASP-12 b",1.1750,0.0500,0.128000,0.012000,-0.012000,0,,,,,"Hubble Space Telescope satellite","Wide Field Camera 3","Table 3","<a refstr=STEVENSON_ET_AL__2014 href=https://ui.adsabs.harvard.edu/abs/2014ApJ...791...36S/abstract target=ref>Stevenson et al. 2014</a>"
"WASP-12 b",1.2250,0.0500,0.101000,0.012000,-0.012000,0,,,,,"Hubble Space Telescope satellite","Wide Field Camera 3","Table 3","<a refstr=STEVENSON_ET_AL__2014 href=https://ui.adsabs.harvard.edu/abs/2014ApJ...791...36S/abstract target=ref>Stevenson et al. 2014</a>"
"WASP-12 b",1.2530,,0.131000,0.027000,-0.029000,0,,,,,"3.58m Canada-France-Hawaii Telescope (CFHT) at Mauna Kea Observatory","Wide-field Infrared Camera (WIRCam)","eclipse depth taken from Abstract","<a refstr=CROLL_ET_AL__2011 href=https://ui.adsabs.harvard.edu/abs/2011AJ....141...30C/abstract target=ref>Croll et al. 2011</a>"
"WASP-12 b",1.2750,0.0500,0.142000,0.011000,-0.011000,0,,,,,"Hubble Space Telescope satellite","Wide Field Camera 3","Table 3","<a refstr=STEVENSON_ET_AL__2014 href=https://ui.adsabs.harvard.edu/abs/2014ApJ...791...36S/abstract target=ref>Stevenson et al. 2014</a>"
"WASP-12 b",1.3250,0.0500,0.154000,0.012000,-0.012000,0,,,,,"Hubble Space Telescope satellite","Wide Field Camera 3","Table 3","<a refstr=STEVENSON_ET_AL__2014 href=https://ui.adsabs.harvard.edu/abs/2014ApJ...791...36S/abstract target=ref>Stevenson et al. 2014</a>"
"WASP-12 b",1.3750,0.0500,0.156000,0.012000,-0.012000,0,,,,,"Hubble Space Telescope satellite","Wide Field Camera 3","Table 3","<a refstr=STEVENSON_ET_AL__2014 href=https://ui.adsabs.harvard.edu/abs/2014ApJ...791...36S/abstract target=ref>Stevenson et al. 2014</a>"
"WASP-12 b",1.4250,0.0500,0.184000,0.012000,-0.012000,0,,,,,"Hubble Space Telescope satellite","Wide Field Camera 3","Table 3","<a refstr=STEVENSON_ET_AL__2014 href=https://ui.adsabs.harvard.edu/abs/2014ApJ...791...36S/abstract target=ref>Stevenson et al. 2014</a>"
"WASP-12 b",1.4750,0.0500,0.198000,0.012000,-0.012000,0,,,,,"Hubble Space Telescope satellite","Wide Field Camera 3","Table 3","<a refstr=STEVENSON_ET_AL__2014 href=https://ui.adsabs.harvard.edu/abs/2014ApJ...791...36S/abstract target=ref>Stevenson et al. 2014</a>"
"WASP-12 b",1.5250,0.0500,0.196000,0.013000,-0.013000,0,,,,,"Hubble Space Telescope satellite","Wide Field Camera 3","Table 3","<a refstr=STEVENSON_ET_AL__2014 href=https://ui.adsabs.harvard.edu/abs/2014ApJ...791...36S/abstract target=ref>Stevenson et al. 2014</a>"
"WASP-12 b",1.5375,0.0250,0.034000,0.155000,-0.155000,0,,,,,"Infrared Telescope Facility","SpeX","Table 2","<a refstr=CROSSFIELD_ET_AL__2012 href=https://ui.adsabs.harvard.edu/abs/2012ApJ...746...46C/abstract target=ref>Crossfield et al. 2012</a>"
"WASP-12 b",1.5625,0.0250,0.206000,0.110000,-0.110000,0,,,,,"Infrared Telescope Facility","SpeX","Table 2","<a refstr=CROSSFIELD_ET_AL__2012 href=https://ui.adsabs.harvard.edu/abs/2012ApJ...746...46C/abstract target=ref>Crossfield et al. 2012</a>"
"WASP-12 b",1.5750,0.0500,0.179000,0.014000,-0.014000,0,,,,,"Hubble Space Telescope satellite","Wide Field Camera 3","Table 3","<a refstr=STEVENSON_ET_AL__2014 href=https://ui.adsabs.harvard.edu/abs/2014ApJ...791...36S/abstract target=ref>Stevenson et al. 2014</a>"
"WASP-12 b",1.5875,0.0250,0.204000,0.086000,-0.086000,0,,,,,"Infrared Telescope Facility","SpeX","Table 2","<a refstr=CROSSFIELD_ET_AL__2012 href=https://ui.adsabs.harvard.edu/abs/2012ApJ...746...46C/abstract target=ref>Crossfield et al. 2012</a>"
"WASP-12 b",1.6125,0.0250,0.133000,0.135000,-0.135000,0,,,,,"Infrared Telescope Facility","SpeX","Table 2","<a refstr=CROSSFIELD_ET_AL__2012 href=https://ui.adsabs.harvard.edu/abs/2012ApJ...746...46C/abstract target=ref>Crossfield et al. 2012</a>"
"WASP-12 b",1.6250,0.0500,0.192000,0.017000,-0.017000,0,,,,,"Hubble Space Telescope satellite","Wide Field Camera 3","Table 3","<a refstr=STEVENSON_ET_AL__2014 href=https://ui.adsabs.harvard.edu/abs/2014ApJ...791...36S/abstract target=ref>Stevenson et al. 2014</a>"
"WASP-12 b",1.6310,,0.176000,0.016000,-0.021000,0,,,,,"3.58m Canada-France-Hawaii Telescope (CFHT) at Mauna Kea Observatory","Wide-field Infrared Camera (WIRCam)","eclipse depth taken from Abstract","<a refstr=CROLL_ET_AL__2011 href=https://ui.adsabs.harvard.edu/abs/2011AJ....141...30C/abstract target=ref>Croll et al. 2011</a>"
"WASP-12 b",1.6375,0.0250,0.213000,0.110000,-0.110000,0,,,,,"Infrared Telescope Facility","SpeX","Table 2","<a refstr=CROSSFIELD_ET_AL__2012 href=https://ui.adsabs.harvard.edu/abs/2012ApJ...746...46C/abstract target=ref>Crossfield et al. 2012</a>"
"WASP-12 b",1.6625,0.0250,0.153000,0.113000,-0.113000,0,,,,,"Infrared Telescope Facility","SpeX","Table 2","<a refstr=CROSSFIELD_ET_AL__2012 href=https://ui.adsabs.harvard.edu/abs/2012ApJ...746...46C/abstract target=ref>Crossfield et al. 2012</a>"
"WASP-12 b",1.6875,0.0250,0.195000,0.117000,-0.117000,0,,,,,"Infrared Telescope Facility","SpeX","Table 2","<a refstr=CROSSFIELD_ET_AL__2012 href=https://ui.adsabs.harvard.edu/abs/2012ApJ...746...46C/abstract target=ref>Crossfield et al. 2012</a>"
"WASP-12 b",1.7125,0.0250,0.143000,0.116000,-0.116000,0,,,,,"Infrared Telescope Facility","SpeX","Table 2","<a refstr=CROSSFIELD_ET_AL__2012 href=https://ui.adsabs.harvard.edu/abs/2012ApJ...746...46C/abstract target=ref>Crossfield et al. 2012</a>"
"WASP-12 b",1.7375,0.0250,0.165000,0.107000,-0.107000,0,,,,,"Infrared Telescope Facility","SpeX","Table 2","<a refstr=CROSSFIELD_ET_AL__2012 href=https://ui.adsabs.harvard.edu/abs/2012ApJ...746...46C/abstract target=ref>Crossfield et al. 2012</a>"
"WASP-12 b",2.0875,0.0250,0.135000,0.090000,-0.090000,0,,,,,"Infrared Telescope Facility","SpeX","Table 2","<a refstr=CROSSFIELD_ET_AL__2012 href=https://ui.adsabs.harvard.edu/abs/2012ApJ...746...46C/abstract target=ref>Crossfield et al. 2012</a>"
"WASP-12 b",2.1125,0.0250,0.308000,0.046000,-0.046000,0,,,,,"Infrared Telescope Facility","SpeX","Table 2","<a refstr=CROSSFIELD_ET_AL__2012 href=https://ui.adsabs.harvard.edu/abs/2012ApJ...746...46C/abstract target=ref>Crossfield et al. 2012</a>"
"WASP-12 b",2.1375,0.0250,0.202000,0.121000,-0.121000,0,,,,,"Infrared Telescope Facility","SpeX","Table 2","<a refstr=CROSSFIELD_ET_AL__2012 href=https://ui.adsabs.harvard.edu/abs/2012ApJ...746...46C/abstract target=ref>Crossfield et al. 2012</a>"
"WASP-12 b",2.1460,,0.309000,0.013000,-0.012000,0,,,,,"3.58m Canada-France-Hawaii Telescope (CFHT) at Mauna Kea Observatory","Wide-field Infrared Camera (WIRCam)","eclipse depth taken from Abstract","<a refstr=CROLL_ET_AL__2011 href=https://ui.adsabs.harvard.edu/abs/2011AJ....141...30C/abstract target=ref>Croll et al. 2011</a>"
"WASP-12 b",2.1500,,0.296000,0.014000,-0.014000,0,,,,,"3.58m Canada-France-Hawaii Telescope (CFHT) at Mauna Kea Observatory","WIRCam","Table 5, WASP-12 Ks band combined, Actual Eclipse","<a refstr=CROLL_ET_AL__2015 href=https://ui.adsabs.harvard.edu/abs/2015ApJ...802...28C/abstract target=ref>Croll et al. 2015</a>"
"WASP-12 b",2.1625,0.0250,0.399000,0.103000,-0.103000,0,,,,,"Infrared Telescope Facility","SpeX","Table 2","<a refstr=CROSSFIELD_ET_AL__2012 href=https://ui.adsabs.harvard.edu/abs/2012ApJ...746...46C/abstract target=ref>Crossfield et al. 2012</a>"
"WASP-12 b",2.1875,0.0250,0.271000,0.062000,-0.062000,0,,,,,"Infrared Telescope Facility","SpeX","Table 2","<a refstr=CROSSFIELD_ET_AL__2012 href=https://ui.adsabs.harvard.edu/abs/2012ApJ...746...46C/abstract target=ref>Crossfield et al. 2012</a>"
"WASP-12 b",2.2125,0.0250,0.286000,0.073000,-0.073000,0,,,,,"Infrared Telescope Facility","SpeX","Table 2","<a refstr=CROSSFIELD_ET_AL__2012 href=https://ui.adsabs.harvard.edu/abs/2012ApJ...746...46C/abstract target=ref>Crossfield et al. 2012</a>"
"WASP-12 b",2.2200,,0.301000,0.046000,-0.046000,0,,,,,"3.58m Canada-France-Hawaii Telescope (CFHT) at Mauna Kea Observatory","WIRCam","Table 5, WASP-12 K_CONT band, Actual Eclipse Depth","<a refstr=CROLL_ET_AL__2015 href=https://ui.adsabs.harvard.edu/abs/2015ApJ...802...28C/abstract target=ref>Croll et al. 2015</a>"
"WASP-12 b",2.2375,0.0250,0.314000,0.065000,-0.065000,0,,,,,"Infrared Telescope Facility","SpeX","Table 2","<a refstr=CROSSFIELD_ET_AL__2012 href=https://ui.adsabs.harvard.edu/abs/2012ApJ...746...46C/abstract target=ref>Crossfield et al. 2012</a>"
"WASP-12 b",2.2625,0.0250,0.379000,0.056000,-0.056000,0,,,,,"Infrared Telescope Facility","SpeX","Table 2","<a refstr=CROSSFIELD_ET_AL__2012 href=https://ui.adsabs.harvard.edu/abs/2012ApJ...746...46C/abstract target=ref>Crossfield et al. 2012</a>"
"WASP-12 b",2.2875,0.0250,0.368000,0.067000,-0.067000,0,,,,,"Infrared Telescope Facility","SpeX","Table 2","<a refstr=CROSSFIELD_ET_AL__2012 href=https://ui.adsabs.harvard.edu/abs/2012ApJ...746...46C/abstract target=ref>Crossfield et al. 2012</a>"
"WASP-12 b",2.3125,0.0250,0.348000,0.077000,-0.077000,0,,,,,"Infrared Telescope Facility","SpeX","Table 2","<a refstr=CROSSFIELD_ET_AL__2012 href=https://ui.adsabs.harvard.edu/abs/2012ApJ...746...46C/abstract target=ref>Crossfield et al. 2012</a>"
"WASP-12 b",2.3375,0.0250,0.248000,0.087000,-0.087000,0,,,,,"Infrared Telescope Facility","SpeX","Table 2","<a refstr=CROSSFIELD_ET_AL__2012 href=https://ui.adsabs.harvard.edu/abs/2012ApJ...746...46C/abstract target=ref>Crossfield et al. 2012</a>"
"WASP-12 b",3.6000,,0.421000,0.011000,-0.011000,0,,,,,"Spitzer Space Telescope satellite","Infrared Array Camera (IRAC)","Table 3","<a refstr=STEVENSON_ET_AL__2014 href=https://ui.adsabs.harvard.edu/abs/2014ApJ...791...36S/abstract target=ref>Stevenson et al. 2014</a>"
"WASP-12 b",4.5000,,0.428000,0.012000,-0.012000,0,,,,,"Spitzer Space Telescope satellite","Infrared Array Camera (IRAC)","Table 3","<a refstr=STEVENSON_ET_AL__2014 href=https://ui.adsabs.harvard.edu/abs/2014ApJ...791...36S/abstract target=ref>Stevenson et al. 2014</a>"
"WASP-12 b",5.8000,,0.696000,0.060000,-0.060000,0,,,,,"Spitzer Space Telescope satellite","Infrared Array Camera (IRAC)","Table 3","<a refstr=STEVENSON_ET_AL__2014 href=https://ui.adsabs.harvard.edu/abs/2014ApJ...791...36S/abstract target=ref>Stevenson et al. 2014</a>"
"WASP-12 b",8.0000,,0.696000,0.096000,-0.096000,0,,,,,"Spitzer Space Telescope satellite","Infrared Array Camera (IRAC)","Table 3","<a refstr=STEVENSON_ET_AL__2014 href=https://ui.adsabs.harvard.edu/abs/2014ApJ...791...36S/abstract target=ref>Stevenson et al. 2014</a>"
