plntname,centralwavelng,bandwidth,plntransdep,plntransdeperr1,plntransdeperr2,plntransdeplim,plnratror,facility,instrument,plntranreflink
"GJ 1214 b",0.4543,,,,,,0.11620,"Very Large Telescope (Antu)","FORS","<a refstr=DE_MOOIJ_ET_AL__2013 href=https://ui.adsabs.harvard.edu/abs/2013ApJ...771..109D/abstract target=ref>de Mooij et al. 2013</a>"
"GJ 1214 b",0.4600,,,,,,0.11980,"Max Planck Gesellschaft 2.2 meter Telescope at European Southern Observatory","GROND","<a refstr=DE_MOOIJ_ET_AL__2012 href=https://ui.adsabs.harvard.edu/abs/2012A&A...538A..46D/abstract target=ref>de Mooij et al. 2012</a>"
"GJ 1214 b",0.4962,,,,,,0.11740,"Isaac Newton Group's Isaac Newton Telescope","WFC","<a refstr=DE_MOOIJ_ET_AL__2013 href=https://ui.adsabs.harvard.edu/abs/2013ApJ...771..109D/abstract target=ref>de Mooij et al. 2013</a>"
"GJ 1214 b",0.4996,,,,,,0.11800,"Isaac Newton Group's William Herschel Telescope","ACAM","<a refstr=DE_MOOIJ_ET_AL__2013 href=https://ui.adsabs.harvard.edu/abs/2013ApJ...771..109D/abstract target=ref>de Mooij et al. 2013</a>"
"GJ 1214 b",0.5000,,,,,,0.11760,"Large Binocular Telescope Observatory","LBC","<a refstr=NASCIMBENI_ET_AL__2015 href=https://ui.adsabs.harvard.edu/abs/2015A&A...579A.113N/abstract target=ref>Nascimbeni et al. 2015</a>"
"GJ 1214 b",0.5078,0.1157,,,,,0.11360,"Magellan I Walter Baade Telescope","IMACS spectrograph","<a refstr=RACKHAM_ET_AL__2017 href=https://ui.adsabs.harvard.edu/abs/2017ApJ...834..151R/abstract target=ref>Rackham et al. 2017</a>"
"GJ 1214 b",0.5926,0.0539,,,,,0.11320,"Magellan I Walter Baade Telescope","IMACS spectrograph","<a refstr=RACKHAM_ET_AL__2017 href=https://ui.adsabs.harvard.edu/abs/2017ApJ...834..151R/abstract target=ref>Rackham et al. 2017</a>"
"GJ 1214 b",0.6200,,,,,,0.11680,"Max Planck Gesellschaft 2.2 meter Telescope at European Southern Observatory","GROND","<a refstr=DE_MOOIJ_ET_AL__2012 href=https://ui.adsabs.harvard.edu/abs/2012A&A...538A..46D/abstract target=ref>de Mooij et al. 2012</a>"
"GJ 1214 b",0.6200,0.0200,,,,,0.11730,"Magellan II Landon Clay Telescope","MMIRS","<a refstr=BEAN_ET_AL__2011 href=https://ui.adsabs.harvard.edu/abs/2011ApJ...743...92B/abstract target=ref>Bean et al. 2011</a>"
"GJ 1214 b",0.6300,,,,,,0.11430,"Isaac Newton Group's Isaac Newton Telescope","WFC","<a refstr=DE_MOOIJ_ET_AL__2012 href=https://ui.adsabs.harvard.edu/abs/2012A&A...538A..46D/abstract target=ref>de Mooij et al. 2012</a>"
"GJ 1214 b",0.6351,0.0310,,,,,0.11470,"Magellan I Walter Baade Telescope","IMACS spectrograph","<a refstr=RACKHAM_ET_AL__2017 href=https://ui.adsabs.harvard.edu/abs/2017ApJ...834..151R/abstract target=ref>Rackham et al. 2017</a>"
"GJ 1214 b",0.6400,0.0200,,,,,0.11950,"Magellan II Landon Clay Telescope","MMIRS","<a refstr=BEAN_ET_AL__2011 href=https://ui.adsabs.harvard.edu/abs/2011ApJ...743...92B/abstract target=ref>Bean et al. 2011</a>"
"GJ 1214 b",0.6535,0.0012,,,,,0.11510,"Gran Telescopio CANARIAS 10.4m telescope","OSIRIS","<a refstr=MURGAS_ET_AL__2012 href=https://ui.adsabs.harvard.edu/abs/2012A&A...544A..41M/abstract target=ref>Murgas et al. 2012</a>"
"GJ 1214 b",0.6563,0.0012,,,,,0.12170,"Gran Telescopio CANARIAS 10.4m telescope","OSIRIS","<a refstr=MURGAS_ET_AL__2012 href=https://ui.adsabs.harvard.edu/abs/2012A&A...544A..41M/abstract target=ref>Murgas et al. 2012</a>"
"GJ 1214 b",0.6600,0.0200,,,,,0.11670,"Magellan II Landon Clay Telescope","MMIRS","<a refstr=BEAN_ET_AL__2011 href=https://ui.adsabs.harvard.edu/abs/2011ApJ...743...92B/abstract target=ref>Bean et al. 2011</a>"
"GJ 1214 b",0.6620,0.0012,,,,,0.11840,"Gran Telescopio CANARIAS 10.4m telescope","OSIRIS","<a refstr=MURGAS_ET_AL__2012 href=https://ui.adsabs.harvard.edu/abs/2012A&A...544A..41M/abstract target=ref>Murgas et al. 2012</a>"
"GJ 1214 b",0.6800,0.0200,,,,,0.11940,"Magellan II Landon Clay Telescope","MMIRS","<a refstr=BEAN_ET_AL__2011 href=https://ui.adsabs.harvard.edu/abs/2011ApJ...743...92B/abstract target=ref>Bean et al. 2011</a>"
"GJ 1214 b",0.6825,0.0458,,,,,0.11330,"Magellan I Walter Baade Telescope","IMACS spectrograph","<a refstr=RACKHAM_ET_AL__2017 href=https://ui.adsabs.harvard.edu/abs/2017ApJ...834..151R/abstract target=ref>Rackham et al. 2017</a>"
"GJ 1214 b",0.7000,0.0200,,,,,0.11690,"Magellan II Landon Clay Telescope","MMIRS","<a refstr=BEAN_ET_AL__2011 href=https://ui.adsabs.harvard.edu/abs/2011ApJ...743...92B/abstract target=ref>Bean et al. 2011</a>"
"GJ 1214 b",0.7200,0.0200,,,,,0.11640,"Magellan II Landon Clay Telescope","MMIRS","<a refstr=BEAN_ET_AL__2011 href=https://ui.adsabs.harvard.edu/abs/2011ApJ...743...92B/abstract target=ref>Bean et al. 2011</a>"
"GJ 1214 b",0.7300,0.2400,,,,,0.11780,"Magellan II Landon Clay Telescope","MMIRS","<a refstr=BEAN_ET_AL__2011 href=https://ui.adsabs.harvard.edu/abs/2011ApJ...743...92B/abstract target=ref>Bean et al. 2011</a>"
"GJ 1214 b",0.7369,0.0231,,,,,0.11420,"Magellan I Walter Baade Telescope","IMACS spectrograph","<a refstr=RACKHAM_ET_AL__2017 href=https://ui.adsabs.harvard.edu/abs/2017ApJ...834..151R/abstract target=ref>Rackham et al. 2017</a>"
"GJ 1214 b",0.7400,0.0200,,,,,0.11820,"Magellan II Landon Clay Telescope","MMIRS","<a refstr=BEAN_ET_AL__2011 href=https://ui.adsabs.harvard.edu/abs/2011ApJ...743...92B/abstract target=ref>Bean et al. 2011</a>"
"GJ 1214 b",0.7600,,,,,,0.11620,"Max Planck Gesellschaft 2.2 meter Telescope at European Southern Observatory","GROND","<a refstr=DE_MOOIJ_ET_AL__2012 href=https://ui.adsabs.harvard.edu/abs/2012A&A...538A..46D/abstract target=ref>de Mooij et al. 2012</a>"
"GJ 1214 b",0.7600,0.0200,,,,,0.11870,"Magellan II Landon Clay Telescope","MMIRS","<a refstr=BEAN_ET_AL__2011 href=https://ui.adsabs.harvard.edu/abs/2011ApJ...743...92B/abstract target=ref>Bean et al. 2011</a>"
"GJ 1214 b",0.7606,0.0243,,,,,0.11460,"Magellan I Walter Baade Telescope","IMACS spectrograph","<a refstr=RACKHAM_ET_AL__2017 href=https://ui.adsabs.harvard.edu/abs/2017ApJ...834..151R/abstract target=ref>Rackham et al. 2017</a>"
"GJ 1214 b",0.7750,,,,,,0.11750,"Large Binocular Telescope Observatory","LBC","<a refstr=NASCIMBENI_ET_AL__2015 href=https://ui.adsabs.harvard.edu/abs/2015A&A...579A.113N/abstract target=ref>Nascimbeni et al. 2015</a>"
"GJ 1214 b",0.7800,0.0200,,,,,0.11720,"Magellan II Landon Clay Telescope","MMIRS","<a refstr=BEAN_ET_AL__2011 href=https://ui.adsabs.harvard.edu/abs/2011ApJ...743...92B/abstract target=ref>Bean et al. 2011</a>"
"GJ 1214 b",0.7847,0.0239,,,,,0.11480,"Magellan I Walter Baade Telescope","IMACS spectrograph","<a refstr=RACKHAM_ET_AL__2017 href=https://ui.adsabs.harvard.edu/abs/2017ApJ...834..151R/abstract target=ref>Rackham et al. 2017</a>"
"GJ 1214 b",0.7850,0.0100,,,,,0.11670,"Magellan II Landon Clay Telescope","MMIRS","<a refstr=BEAN_ET_AL__2011 href=https://ui.adsabs.harvard.edu/abs/2011ApJ...743...92B/abstract target=ref>Bean et al. 2011</a>"
"GJ 1214 b",0.7950,0.0100,,,,,0.11600,"Magellan II Landon Clay Telescope","MMIRS","<a refstr=BEAN_ET_AL__2011 href=https://ui.adsabs.harvard.edu/abs/2011ApJ...743...92B/abstract target=ref>Bean et al. 2011</a>"
"GJ 1214 b",0.8000,0.0200,,,,,0.11720,"Magellan II Landon Clay Telescope","MMIRS","<a refstr=BEAN_ET_AL__2011 href=https://ui.adsabs.harvard.edu/abs/2011ApJ...743...92B/abstract target=ref>Bean et al. 2011</a>"
"GJ 1214 b",0.8050,0.0100,,,,,0.11560,"Magellan II Landon Clay Telescope","MMIRS","<a refstr=BEAN_ET_AL__2011 href=https://ui.adsabs.harvard.edu/abs/2011ApJ...743...92B/abstract target=ref>Bean et al. 2011</a>"
"GJ 1214 b",0.8055,0.0175,,,,,0.11530,"Magellan I Walter Baade Telescope","IMACS spectrograph","<a refstr=RACKHAM_ET_AL__2017 href=https://ui.adsabs.harvard.edu/abs/2017ApJ...834..151R/abstract target=ref>Rackham et al. 2017</a>"
"GJ 1214 b",0.8100,,,,,,0.12038,"Gran Telescopio CANARIAS 10.4m telescope","OSIRIS","<a refstr=WILSON_ET_AL__2014 href=https://ui.adsabs.harvard.edu/abs/2014MNRAS.438.2395W/abstract target=ref> Wilson et al. 2014</a>"
"GJ 1214 b",0.8150,0.0100,,,,,0.11760,"Magellan II Landon Clay Telescope","MMIRS","<a refstr=BEAN_ET_AL__2011 href=https://ui.adsabs.harvard.edu/abs/2011ApJ...743...92B/abstract target=ref>Bean et al. 2011</a>"
"GJ 1214 b",0.8200,,,,,,0.11620,"Isaac Newton Group's Isaac Newton Telescope","WFC","<a refstr=DE_MOOIJ_ET_AL__2012 href=https://ui.adsabs.harvard.edu/abs/2012A&A...538A..46D/abstract target=ref>de Mooij et al. 2012</a>"
"GJ 1214 b",0.8200,0.0200,,,,,0.11830,"Magellan II Landon Clay Telescope","MMIRS","<a refstr=BEAN_ET_AL__2011 href=https://ui.adsabs.harvard.edu/abs/2011ApJ...743...92B/abstract target=ref>Bean et al. 2011</a>"
"GJ 1214 b",0.8229,0.0174,,,,,0.11520,"Magellan I Walter Baade Telescope","IMACS spectrograph","<a refstr=RACKHAM_ET_AL__2017 href=https://ui.adsabs.harvard.edu/abs/2017ApJ...834..151R/abstract target=ref>Rackham et al. 2017</a>"
"GJ 1214 b",0.8250,0.0100,,,,,0.11760,"Magellan II Landon Clay Telescope","MMIRS","<a refstr=BEAN_ET_AL__2011 href=https://ui.adsabs.harvard.edu/abs/2011ApJ...743...92B/abstract target=ref>Bean et al. 2011</a>"
"GJ 1214 b",0.8350,0.0100,,,,,0.11620,"Magellan II Landon Clay Telescope","MMIRS","<a refstr=BEAN_ET_AL__2011 href=https://ui.adsabs.harvard.edu/abs/2011ApJ...743...92B/abstract target=ref>Bean et al. 2011</a>"
"GJ 1214 b",0.8380,,,,,,0.11735,"La Silla Observatory's 60-cm TRAPPIST Telescope","TRAPPISTCam","<a refstr=GILLON_ET_AL__2014 href=https://ui.adsabs.harvard.edu/abs/2014A%26A...563A..21G/abstract target=ref> Gillon et al. 2014</a>"
"GJ 1214 b",0.8400,0.0200,,,,,0.11680,"Magellan II Landon Clay Telescope","MMIRS","<a refstr=BEAN_ET_AL__2011 href=https://ui.adsabs.harvard.edu/abs/2011ApJ...743...92B/abstract target=ref>Bean et al. 2011</a>"
"GJ 1214 b",0.8409,0.0186,,,,,0.11480,"Magellan I Walter Baade Telescope","IMACS spectrograph","<a refstr=RACKHAM_ET_AL__2017 href=https://ui.adsabs.harvard.edu/abs/2017ApJ...834..151R/abstract target=ref>Rackham et al. 2017</a>"
"GJ 1214 b",0.8450,0.0100,,,,,0.11720,"Magellan II Landon Clay Telescope","MMIRS","<a refstr=BEAN_ET_AL__2011 href=https://ui.adsabs.harvard.edu/abs/2011ApJ...743...92B/abstract target=ref>Bean et al. 2011</a>"
"GJ 1214 b",0.8550,,,,,,0.11042,"Gran Telescopio CANARIAS 10.4m telescope","OSIRIS","<a refstr=WILSON_ET_AL__2014 href=https://ui.adsabs.harvard.edu/abs/2014MNRAS.438.2395W/abstract target=ref> Wilson et al. 2014</a>"
"GJ 1214 b",0.8550,0.0100,,,,,0.11510,"Magellan II Landon Clay Telescope","MMIRS","<a refstr=BEAN_ET_AL__2011 href=https://ui.adsabs.harvard.edu/abs/2011ApJ...743...92B/abstract target=ref>Bean et al. 2011</a>"
"GJ 1214 b",0.8597,0.0190,,,,,0.11590,"Magellan I Walter Baade Telescope","IMACS spectrograph","<a refstr=RACKHAM_ET_AL__2017 href=https://ui.adsabs.harvard.edu/abs/2017ApJ...834..151R/abstract target=ref>Rackham et al. 2017</a>"
"GJ 1214 b",0.8650,0.0100,,,,,0.11680,"Magellan II Landon Clay Telescope","MMIRS","<a refstr=BEAN_ET_AL__2011 href=https://ui.adsabs.harvard.edu/abs/2011ApJ...743...92B/abstract target=ref>Bean et al. 2011</a>"
"GJ 1214 b",0.8665,,,,,,0.11735,"The Southern Astrophysical Research Telescope","SOI","<a refstr=C_AACUTE_CERES_ET_AL__2014 href=https://ui.adsabs.harvard.edu/abs/2014A&A...565A...7C/abstract target=ref>C&aacute;ceres et al. 2014</a>"
"GJ 1214 b",0.8750,0.0100,,,,,0.11710,"Magellan II Landon Clay Telescope","MMIRS","<a refstr=BEAN_ET_AL__2011 href=https://ui.adsabs.harvard.edu/abs/2011ApJ...743...92B/abstract target=ref>Bean et al. 2011</a>"
"GJ 1214 b",0.8770,,,,,,0.11843,"Gran Telescopio CANARIAS 10.4m telescope","OSIRIS","<a refstr=WILSON_ET_AL__2014 href=https://ui.adsabs.harvard.edu/abs/2014MNRAS.438.2395W/abstract target=ref> Wilson et al. 2014</a>"
"GJ 1214 b",0.8770,,,,,,0.11754,"Gran Telescopio CANARIAS 10.4m telescope","OSIRIS","<a refstr=WILSON_ET_AL__2014 href=https://ui.adsabs.harvard.edu/abs/2014MNRAS.438.2395W/abstract target=ref> Wilson et al. 2014</a>"
"GJ 1214 b",0.8780,0.0176,,,,,0.11380,"Magellan I Walter Baade Telescope","IMACS spectrograph","<a refstr=RACKHAM_ET_AL__2017 href=https://ui.adsabs.harvard.edu/abs/2017ApJ...834..151R/abstract target=ref>Rackham et al. 2017</a>"
"GJ 1214 b",0.8784,,,,,,0.11724,"Gran Telescopio CANARIAS 10.4m telescope","OSIRIS","<a refstr=WILSON_ET_AL__2014 href=https://ui.adsabs.harvard.edu/abs/2014MNRAS.438.2395W/abstract target=ref> Wilson et al. 2014</a>"
"GJ 1214 b",0.8835,,,,,,0.11556,"Gran Telescopio CANARIAS 10.4m telescope","OSIRIS","<a refstr=WILSON_ET_AL__2014 href=https://ui.adsabs.harvard.edu/abs/2014MNRAS.438.2395W/abstract target=ref> Wilson et al. 2014</a>"
"GJ 1214 b",0.8835,,,,,,0.11791,"Gran Telescopio CANARIAS 10.4m telescope","OSIRIS","<a refstr=WILSON_ET_AL__2014 href=https://ui.adsabs.harvard.edu/abs/2014MNRAS.438.2395W/abstract target=ref> Wilson et al. 2014</a>"
"GJ 1214 b",0.8850,,,,,,0.11595,"Gran Telescopio CANARIAS 10.4m telescope","OSIRIS","<a refstr=WILSON_ET_AL__2014 href=https://ui.adsabs.harvard.edu/abs/2014MNRAS.438.2395W/abstract target=ref> Wilson et al. 2014</a>"
"GJ 1214 b",0.8850,0.0100,,,,,0.11710,"Magellan II Landon Clay Telescope","MMIRS","<a refstr=BEAN_ET_AL__2011 href=https://ui.adsabs.harvard.edu/abs/2011ApJ...743...92B/abstract target=ref>Bean et al. 2011</a>"
"GJ 1214 b",0.8900,0.2200,,,,,0.11680,"Magellan II Landon Clay Telescope","MMIRS","<a refstr=BEAN_ET_AL__2011 href=https://ui.adsabs.harvard.edu/abs/2011ApJ...743...92B/abstract target=ref>Bean et al. 2011</a>"
"GJ 1214 b",0.8950,0.0100,,,,,0.11590,"Magellan II Landon Clay Telescope","MMIRS","<a refstr=BEAN_ET_AL__2011 href=https://ui.adsabs.harvard.edu/abs/2011ApJ...743...92B/abstract target=ref>Bean et al. 2011</a>"
"GJ 1214 b",0.8967,0.0197,,,,,0.11550,"Magellan I Walter Baade Telescope","IMACS spectrograph","<a refstr=RACKHAM_ET_AL__2017 href=https://ui.adsabs.harvard.edu/abs/2017ApJ...834..151R/abstract target=ref>Rackham et al. 2017</a>"
"GJ 1214 b",0.9000,,,,,,0.11650,"Max Planck Gesellschaft 2.2 meter Telescope at European Southern Observatory","GROND","<a refstr=DE_MOOIJ_ET_AL__2012 href=https://ui.adsabs.harvard.edu/abs/2012A&A...538A..46D/abstract target=ref>de Mooij et al. 2012</a>"
"GJ 1214 b",0.9050,0.0100,,,,,0.11670,"Magellan II Landon Clay Telescope","MMIRS","<a refstr=BEAN_ET_AL__2011 href=https://ui.adsabs.harvard.edu/abs/2011ApJ...743...92B/abstract target=ref>Bean et al. 2011</a>"
"GJ 1214 b",0.9150,0.0100,,,,,0.11750,"Magellan II Landon Clay Telescope","MMIRS","<a refstr=BEAN_ET_AL__2011 href=https://ui.adsabs.harvard.edu/abs/2011ApJ...743...92B/abstract target=ref>Bean et al. 2011</a>"
"GJ 1214 b",0.9162,0.0195,,,,,0.11530,"Magellan I Walter Baade Telescope","IMACS spectrograph","<a refstr=RACKHAM_ET_AL__2017 href=https://ui.adsabs.harvard.edu/abs/2017ApJ...834..151R/abstract target=ref>Rackham et al. 2017</a>"
"GJ 1214 b",0.9250,0.0100,,,,,0.11780,"Magellan II Landon Clay Telescope","MMIRS","<a refstr=BEAN_ET_AL__2011 href=https://ui.adsabs.harvard.edu/abs/2011ApJ...743...92B/abstract target=ref>Bean et al. 2011</a>"
"GJ 1214 b",0.9350,0.0100,,,,,0.11650,"Magellan II Landon Clay Telescope","MMIRS","<a refstr=BEAN_ET_AL__2011 href=https://ui.adsabs.harvard.edu/abs/2011ApJ...743...92B/abstract target=ref>Bean et al. 2011</a>"
"GJ 1214 b",0.9450,0.0100,,,,,0.11680,"Magellan II Landon Clay Telescope","MMIRS","<a refstr=BEAN_ET_AL__2011 href=https://ui.adsabs.harvard.edu/abs/2011ApJ...743...92B/abstract target=ref>Bean et al. 2011</a>"
"GJ 1214 b",0.9550,0.0100,,,,,0.11760,"Magellan II Landon Clay Telescope","MMIRS","<a refstr=BEAN_ET_AL__2011 href=https://ui.adsabs.harvard.edu/abs/2011ApJ...743...92B/abstract target=ref>Bean et al. 2011</a>"
"GJ 1214 b",0.9650,0.0100,,,,,0.11720,"Magellan II Landon Clay Telescope","MMIRS","<a refstr=BEAN_ET_AL__2011 href=https://ui.adsabs.harvard.edu/abs/2011ApJ...743...92B/abstract target=ref>Bean et al. 2011</a>"
"GJ 1214 b",0.9750,0.0100,,,,,0.11610,"Magellan II Landon Clay Telescope","MMIRS","<a refstr=BEAN_ET_AL__2011 href=https://ui.adsabs.harvard.edu/abs/2011ApJ...743...92B/abstract target=ref>Bean et al. 2011</a>"
"GJ 1214 b",0.9850,0.0100,,,,,0.11650,"Magellan II Landon Clay Telescope","MMIRS","<a refstr=BEAN_ET_AL__2011 href=https://ui.adsabs.harvard.edu/abs/2011ApJ...743...92B/abstract target=ref>Bean et al. 2011</a>"
"GJ 1214 b",0.9950,0.0100,,,,,0.11680,"Magellan II Landon Clay Telescope","MMIRS","<a refstr=BEAN_ET_AL__2011 href=https://ui.adsabs.harvard.edu/abs/2011ApJ...743...92B/abstract target=ref>Bean et al. 2011</a>"
"GJ 1214 b",1.1230,,,,,,0.11641,"Hubble Space Telescope satellite","WFC3","<a refstr=BERTA_ET_AL__2012 href=https://ui.adsabs.harvard.edu/abs/2012ApJ...747...35B/abstract target=ref>Berta et al. 2012</a>"
"GJ 1214 b",1.1460,,,,,,0.11707,"Hubble Space Telescope satellite","WFC3","<a refstr=BERTA_ET_AL__2012 href=https://ui.adsabs.harvard.edu/abs/2012ApJ...747...35B/abstract target=ref>Berta et al. 2012</a>"
"GJ 1214 b",1.1465,0.0230,1.345100,0.003100,-0.003100,0,,"Hubble Space Telescope satellite","Wide Field Camera 3","<a refstr=KREIDBERG_ET_AL__2014 href=https://ui.adsabs.harvard.edu/abs/2014Natur.505...69K/abstract target=ref>Kreidberg et al. 2014</a>"
"GJ 1214 b",1.1690,,,,,,0.11526,"Hubble Space Telescope satellite","WFC3","<a refstr=BERTA_ET_AL__2012 href=https://ui.adsabs.harvard.edu/abs/2012ApJ...747...35B/abstract target=ref>Berta et al. 2012</a>"
"GJ 1214 b",1.1695,0.0230,1.346200,0.003000,-0.003000,0,,"Hubble Space Telescope satellite","Wide Field Camera 3","<a refstr=KREIDBERG_ET_AL__2014 href=https://ui.adsabs.harvard.edu/abs/2014Natur.505...69K/abstract target=ref>Kreidberg et al. 2014</a>"
"GJ 1214 b",1.1920,,,,,,0.11589,"Hubble Space Telescope satellite","WFC3","<a refstr=BERTA_ET_AL__2012 href=https://ui.adsabs.harvard.edu/abs/2012ApJ...747...35B/abstract target=ref>Berta et al. 2012</a>"
"GJ 1214 b",1.1925,0.0230,1.352400,0.003000,-0.003000,0,,"Hubble Space Telescope satellite","Wide Field Camera 3","<a refstr=KREIDBERG_ET_AL__2014 href=https://ui.adsabs.harvard.edu/abs/2014Natur.505...69K/abstract target=ref>Kreidberg et al. 2014</a>"
"GJ 1214 b",1.2150,,,,,,0.11537,"Hubble Space Telescope satellite","WFC3","<a refstr=BERTA_ET_AL__2012 href=https://ui.adsabs.harvard.edu/abs/2012ApJ...747...35B/abstract target=ref>Berta et al. 2012</a>"
"GJ 1214 b",1.2165,0.0230,1.344200,0.002800,-0.002800,0,,"Hubble Space Telescope satellite","Wide Field Camera 3","<a refstr=KREIDBERG_ET_AL__2014 href=https://ui.adsabs.harvard.edu/abs/2014Natur.505...69K/abstract target=ref>Kreidberg et al. 2014</a>"
"GJ 1214 b",1.2390,,,,,,0.11574,"Hubble Space Telescope satellite","WFC3","<a refstr=BERTA_ET_AL__2012 href=https://ui.adsabs.harvard.edu/abs/2012ApJ...747...35B/abstract target=ref>Berta et al. 2012</a>"
"GJ 1214 b",1.2395,0.0230,1.351700,0.002800,-0.002800,0,,"Hubble Space Telescope satellite","Wide Field Camera 3","<a refstr=KREIDBERG_ET_AL__2014 href=https://ui.adsabs.harvard.edu/abs/2014Natur.505...69K/abstract target=ref>Kreidberg et al. 2014</a>"
"GJ 1214 b",1.2500,,1.307000,0.034000,-0.031000,0,,"Canada-France-Hawaii Telescope","WIRCam","<a refstr=CROLL_ET_AL__2011 href=https://ui.adsabs.harvard.edu/abs/2011ApJ...736...78C/abstract target=ref>Croll et al. 2011</a>"
"GJ 1214 b",1.2500,,1.368000,0.026000,-0.021000,0,,"Canada-France-Hawaii Telescope","WIRCam","<a refstr=CROLL_ET_AL__2011 href=https://ui.adsabs.harvard.edu/abs/2011ApJ...736...78C/abstract target=ref>Croll et al. 2011</a>"
"GJ 1214 b",1.2500,,,,,,0.11833,"Infrared Survey Facility","SIRIUS","<a refstr=NARITA_ET_AL__2013 href=https://ui.adsabs.harvard.edu/abs/2013PASJ...65...27N/abstract target=ref>Narita et al. 2013</a>"
"GJ 1214 b",1.2500,,1.334000,0.020000,-0.021000,0,,"Canada-France-Hawaii Telescope","WIRCam","<a refstr=CROLL_ET_AL__2011 href=https://ui.adsabs.harvard.edu/abs/2011ApJ...736...78C/abstract target=ref>Croll et al. 2011</a>"
"GJ 1214 b",1.2500,,1.302000,0.044000,-0.040000,0,,"Canada-France-Hawaii Telescope","WIRCam","<a refstr=CROLL_ET_AL__2011 href=https://ui.adsabs.harvard.edu/abs/2011ApJ...736...78C/abstract target=ref>Croll et al. 2011</a>"
"GJ 1214 b",1.2620,,,,,,0.11662,"Hubble Space Telescope satellite","WFC3","<a refstr=BERTA_ET_AL__2012 href=https://ui.adsabs.harvard.edu/abs/2012ApJ...747...35B/abstract target=ref>Berta et al. 2012</a>"
"GJ 1214 b",1.2625,0.0230,1.349500,0.002700,-0.002700,0,,"Hubble Space Telescope satellite","Wide Field Camera 3","<a refstr=KREIDBERG_ET_AL__2014 href=https://ui.adsabs.harvard.edu/abs/2014Natur.505...69K/abstract target=ref>Kreidberg et al. 2014</a>"
"GJ 1214 b",1.2850,,,,,,0.11565,"Hubble Space Telescope satellite","WFC3","<a refstr=BERTA_ET_AL__2012 href=https://ui.adsabs.harvard.edu/abs/2012ApJ...747...35B/abstract target=ref>Berta et al. 2012</a>"
"GJ 1214 b",1.2855,0.0230,1.350300,0.002700,-0.002700,0,,"Hubble Space Telescope satellite","Wide Field Camera 3","<a refstr=KREIDBERG_ET_AL__2014 href=https://ui.adsabs.harvard.edu/abs/2014Natur.505...69K/abstract target=ref>Kreidberg et al. 2014</a>"
"GJ 1214 b",1.3080,,,,,,0.11674,"Hubble Space Telescope satellite","WFC3","<a refstr=BERTA_ET_AL__2012 href=https://ui.adsabs.harvard.edu/abs/2012ApJ...747...35B/abstract target=ref>Berta et al. 2012</a>"
"GJ 1214 b",1.3085,0.0230,1.350400,0.002600,-0.002600,0,,"Hubble Space Telescope satellite","Wide Field Camera 3","<a refstr=KREIDBERG_ET_AL__2014 href=https://ui.adsabs.harvard.edu/abs/2014Natur.505...69K/abstract target=ref>Kreidberg et al. 2014</a>"
"GJ 1214 b",1.3310,,,,,,0.11595,"Hubble Space Telescope satellite","WFC3","<a refstr=BERTA_ET_AL__2012 href=https://ui.adsabs.harvard.edu/abs/2012ApJ...747...35B/abstract target=ref>Berta et al. 2012</a>"
"GJ 1214 b",1.3315,0.0230,1.351900,0.002600,-0.002600,0,,"Hubble Space Telescope satellite","Wide Field Camera 3","<a refstr=KREIDBERG_ET_AL__2014 href=https://ui.adsabs.harvard.edu/abs/2014Natur.505...69K/abstract target=ref>Kreidberg et al. 2014</a>"
"GJ 1214 b",1.3545,0.0230,1.348800,0.002700,-0.002700,0,,"Hubble Space Telescope satellite","Wide Field Camera 3","<a refstr=KREIDBERG_ET_AL__2014 href=https://ui.adsabs.harvard.edu/abs/2014Natur.505...69K/abstract target=ref>Kreidberg et al. 2014</a>"
"GJ 1214 b",1.3550,,,,,,0.11705,"Hubble Space Telescope satellite","WFC3","<a refstr=BERTA_ET_AL__2012 href=https://ui.adsabs.harvard.edu/abs/2012ApJ...747...35B/abstract target=ref>Berta et al. 2012</a>"
"GJ 1214 b",1.3775,0.0230,1.352200,0.002700,-0.002700,0,,"Hubble Space Telescope satellite","Wide Field Camera 3","<a refstr=KREIDBERG_ET_AL__2014 href=https://ui.adsabs.harvard.edu/abs/2014Natur.505...69K/abstract target=ref>Kreidberg et al. 2014</a>"
"GJ 1214 b",1.3780,,,,,,0.11664,"Hubble Space Telescope satellite","WFC3","<a refstr=BERTA_ET_AL__2012 href=https://ui.adsabs.harvard.edu/abs/2012ApJ...747...35B/abstract target=ref>Berta et al. 2012</a>"
"GJ 1214 b",1.4005,0.0230,1.352100,0.002700,-0.002700,0,,"Hubble Space Telescope satellite","Wide Field Camera 3","<a refstr=KREIDBERG_ET_AL__2014 href=https://ui.adsabs.harvard.edu/abs/2014Natur.505...69K/abstract target=ref>Kreidberg et al. 2014</a>"
"GJ 1214 b",1.4010,,,,,,0.11778,"Hubble Space Telescope satellite","WFC3","<a refstr=BERTA_ET_AL__2012 href=https://ui.adsabs.harvard.edu/abs/2012ApJ...747...35B/abstract target=ref>Berta et al. 2012</a>"
"GJ 1214 b",1.4235,0.0230,1.348500,0.002700,-0.002700,0,,"Hubble Space Telescope satellite","Wide Field Camera 3","<a refstr=KREIDBERG_ET_AL__2014 href=https://ui.adsabs.harvard.edu/abs/2014Natur.505...69K/abstract target=ref>Kreidberg et al. 2014</a>"
"GJ 1214 b",1.4250,,,,,,0.11693,"Hubble Space Telescope satellite","WFC3","<a refstr=BERTA_ET_AL__2012 href=https://ui.adsabs.harvard.edu/abs/2012ApJ...747...35B/abstract target=ref>Berta et al. 2012</a>"
"GJ 1214 b",1.4465,0.0230,1.351900,0.002900,-0.002900,0,,"Hubble Space Telescope satellite","Wide Field Camera 3","<a refstr=KREIDBERG_ET_AL__2014 href=https://ui.adsabs.harvard.edu/abs/2014Natur.505...69K/abstract target=ref>Kreidberg et al. 2014</a>"
"GJ 1214 b",1.4480,,,,,,0.11772,"Hubble Space Telescope satellite","WFC3","<a refstr=BERTA_ET_AL__2012 href=https://ui.adsabs.harvard.edu/abs/2012ApJ...747...35B/abstract target=ref>Berta et al. 2012</a>"
"GJ 1214 b",1.4695,0.0230,1.348200,0.002800,-0.002800,0,,"Hubble Space Telescope satellite","Wide Field Camera 3","<a refstr=KREIDBERG_ET_AL__2014 href=https://ui.adsabs.harvard.edu/abs/2014Natur.505...69K/abstract target=ref>Kreidberg et al. 2014</a>"
"GJ 1214 b",1.4710,,,,,,0.11663,"Hubble Space Telescope satellite","WFC3","<a refstr=BERTA_ET_AL__2012 href=https://ui.adsabs.harvard.edu/abs/2012ApJ...747...35B/abstract target=ref>Berta et al. 2012</a>"
"GJ 1214 b",1.4925,0.0230,1.351700,0.002800,-0.002800,0,,"Hubble Space Telescope satellite","Wide Field Camera 3","<a refstr=KREIDBERG_ET_AL__2014 href=https://ui.adsabs.harvard.edu/abs/2014Natur.505...69K/abstract target=ref>Kreidberg et al. 2014</a>"
"GJ 1214 b",1.4960,,,,,,0.11509,"Hubble Space Telescope satellite","WFC3","<a refstr=BERTA_ET_AL__2012 href=https://ui.adsabs.harvard.edu/abs/2012ApJ...747...35B/abstract target=ref>Berta et al. 2012</a>"
"GJ 1214 b",1.5155,0.0230,1.347900,0.002800,-0.002800,0,,"Hubble Space Telescope satellite","Wide Field Camera 3","<a refstr=KREIDBERG_ET_AL__2014 href=https://ui.adsabs.harvard.edu/abs/2014Natur.505...69K/abstract target=ref>Kreidberg et al. 2014</a>"
"GJ 1214 b",1.5170,,,,,,0.11635,"Hubble Space Telescope satellite","WFC3","<a refstr=BERTA_ET_AL__2012 href=https://ui.adsabs.harvard.edu/abs/2012ApJ...747...35B/abstract target=ref>Berta et al. 2012</a>"
"GJ 1214 b",1.5385,0.0230,1.351000,0.002800,-0.002800,0,,"Hubble Space Telescope satellite","Wide Field Camera 3","<a refstr=KREIDBERG_ET_AL__2014 href=https://ui.adsabs.harvard.edu/abs/2014Natur.505...69K/abstract target=ref>Kreidberg et al. 2014</a>"
"GJ 1214 b",1.5410,,,,,,0.11626,"Hubble Space Telescope satellite","WFC3","<a refstr=BERTA_ET_AL__2012 href=https://ui.adsabs.harvard.edu/abs/2012ApJ...747...35B/abstract target=ref>Berta et al. 2012</a>"
"GJ 1214 b",1.5615,0.0230,1.346900,0.002800,-0.002800,0,,"Hubble Space Telescope satellite","Wide Field Camera 3","<a refstr=KREIDBERG_ET_AL__2014 href=https://ui.adsabs.harvard.edu/abs/2014Natur.505...69K/abstract target=ref>Kreidberg et al. 2014</a>"
"GJ 1214 b",1.5640,,,,,,0.11681,"Hubble Space Telescope satellite","WFC3","<a refstr=BERTA_ET_AL__2012 href=https://ui.adsabs.harvard.edu/abs/2012ApJ...747...35B/abstract target=ref>Berta et al. 2012</a>"
"GJ 1214 b",1.5845,0.0230,1.342500,0.002800,-0.002800,0,,"Hubble Space Telescope satellite","Wide Field Camera 3","<a refstr=KREIDBERG_ET_AL__2014 href=https://ui.adsabs.harvard.edu/abs/2014Natur.505...69K/abstract target=ref>Kreidberg et al. 2014</a>"
"GJ 1214 b",1.5870,,,,,,0.11443,"Hubble Space Telescope satellite","WFC3","<a refstr=BERTA_ET_AL__2012 href=https://ui.adsabs.harvard.edu/abs/2012ApJ...747...35B/abstract target=ref>Berta et al. 2012</a>"
"GJ 1214 b",1.6075,0.0230,1.347300,0.002800,-0.002800,0,,"Hubble Space Telescope satellite","Wide Field Camera 3","<a refstr=KREIDBERG_ET_AL__2014 href=https://ui.adsabs.harvard.edu/abs/2014Natur.505...69K/abstract target=ref>Kreidberg et al. 2014</a>"
"GJ 1214 b",1.6100,,,,,,0.11631,"Hubble Space Telescope satellite","WFC3","<a refstr=BERTA_ET_AL__2012 href=https://ui.adsabs.harvard.edu/abs/2012ApJ...747...35B/abstract target=ref>Berta et al. 2012</a>"
"GJ 1214 b",1.6300,,,,,,0.11522,"Infrared Survey Facility","SIRIUS","<a refstr=NARITA_ET_AL__2013 href=https://ui.adsabs.harvard.edu/abs/2013PASJ...65...27N/abstract target=ref>Narita et al. 2013</a>"
"GJ 1214 b",1.6305,0.0230,1.347300,0.003000,-0.003000,0,,"Hubble Space Telescope satellite","Wide Field Camera 3","<a refstr=KREIDBERG_ET_AL__2014 href=https://ui.adsabs.harvard.edu/abs/2014Natur.505...69K/abstract target=ref>Kreidberg et al. 2014</a>"
"GJ 1214 b",1.6330,,,,,,0.11620,"Hubble Space Telescope satellite","WFC3","<a refstr=BERTA_ET_AL__2012 href=https://ui.adsabs.harvard.edu/abs/2012ApJ...747...35B/abstract target=ref>Berta et al. 2012</a>"
"GJ 1214 b",1.6560,,,,,,0.11581,"Hubble Space Telescope satellite","WFC3","<a refstr=BERTA_ET_AL__2012 href=https://ui.adsabs.harvard.edu/abs/2012ApJ...747...35B/abstract target=ref>Berta et al. 2012</a>"
"GJ 1214 b",1.6900,,1.290000,0.050000,-0.043000,0,,"Canada-France-Hawaii Telescope","WIRCam","<a refstr=CROLL_ET_AL__2011 href=https://ui.adsabs.harvard.edu/abs/2011ApJ...736...78C/abstract target=ref>Croll et al. 2011</a>"
"GJ 1214 b",2.1400,,,,,,0.11730,"The Southern Astrophysical Research Telescope","OSIRIS","<a refstr=C_AACUTE_CERES_ET_AL__2014 href=https://ui.adsabs.harvard.edu/abs/2014A&A...565A...7C/abstract target=ref>C&aacute;ceres et al. 2014</a>"
"GJ 1214 b",2.1400,,,,,,0.11459,"Infrared Survey Facility","SIRIUS","<a refstr=NARITA_ET_AL__2013 href=https://ui.adsabs.harvard.edu/abs/2013PASJ...65...27N/abstract target=ref>Narita et al. 2013</a>"
"GJ 1214 b",2.1500,,1.424000,0.044000,-0.031000,0,,"Canada-France-Hawaii Telescope","WIRCam","<a refstr=CROLL_ET_AL__2011 href=https://ui.adsabs.harvard.edu/abs/2011ApJ...736...78C/abstract target=ref>Croll et al. 2011</a>"
"GJ 1214 b",2.1500,,1.422000,0.032000,-0.034000,0,,"Canada-France-Hawaii Telescope","WIRCam","<a refstr=CROLL_ET_AL__2011 href=https://ui.adsabs.harvard.edu/abs/2011ApJ...736...78C/abstract target=ref>Croll et al. 2011</a>"
"GJ 1214 b",2.1500,,1.459000,0.030000,-0.029000,0,,"Canada-France-Hawaii Telescope","WIRCam","<a refstr=CROLL_ET_AL__2011 href=https://ui.adsabs.harvard.edu/abs/2011ApJ...736...78C/abstract target=ref>Croll et al. 2011</a>"
"GJ 1214 b",2.1500,,,,,,0.11890,"Nordic Optical Telescope","NOTCam","<a refstr=DE_MOOIJ_ET_AL__2012 href=https://ui.adsabs.harvard.edu/abs/2012A&A...538A..46D/abstract target=ref>de Mooij et al. 2012</a>"
"GJ 1214 b",2.2700,,,,,,0.11620,"Isaac Newton Group's William Herschel Telescope","LIRIS","<a refstr=DE_MOOIJ_ET_AL__2012 href=https://ui.adsabs.harvard.edu/abs/2012A&A...538A..46D/abstract target=ref>de Mooij et al. 2012</a>"
"GJ 1214 b",3.6000,,,,,,0.11760,"Spitzer Space Telescope satellite","Infrared Array Camera (IRAC)","<a refstr=D_EACUTE_SERT_ET_AL__2011 href=https://ui.adsabs.harvard.edu/abs/2011ApJ...731L..40D/abstract target=ref>D&eacute;sert et al. 2011</a>"
"GJ 1214 b",3.6000,,,,,,0.11638,"Spitzer Space Telescope satellite","Infrared Array Camera (IRAC)","<a refstr=GILLON_ET_AL__2014 href=https://ui.adsabs.harvard.edu/abs/2014A%26A...563A..21G/abstract target=ref> Gillon et al. 2014</a>"
"GJ 1214 b",3.6000,,,,,,0.11638,"Spitzer Space Telescope satellite","Infrared Array Camera (IRAC)","<a refstr=GILLON_ET_AL__2014 href=https://ui.adsabs.harvard.edu/abs/2014A%26A...563A..21G/abstract target=ref> Gillon et al. 2014</a>"
"GJ 1214 b",4.5000,,,,,,0.11630,"Spitzer Space Telescope satellite","Infrared Array Camera (IRAC)","<a refstr=D_EACUTE_SERT_ET_AL__2011 href=https://ui.adsabs.harvard.edu/abs/2011ApJ...731L..40D/abstract target=ref>D&eacute;sert et al. 2011</a>"
"GJ 1214 b",4.5000,,,,,,0.11694,"Spitzer Space Telescope satellite","Infrared Array Camera (IRAC)","<a refstr=GILLON_ET_AL__2014 href=https://ui.adsabs.harvard.edu/abs/2014A%26A...563A..21G/abstract target=ref> Gillon et al. 2014</a>"
"GJ 1214 b",4.5000,,,,,,0.11694,"Spitzer Space Telescope satellite","Infrared Array Camera (IRAC)","<a refstr=GILLON_ET_AL__2014 href=https://ui.adsabs.harvard.edu/abs/2014A%26A...563A..21G/abstract target=ref> Gillon et al. 2014</a>"
"HD 209458 b",0.3072,0.0088,,,,,0.12217,"Hubble Space Telescope satellite","Space Telescope Imaging Spectrograph","<a refstr=SING_ET_AL__2016 href=https://ui.adsabs.harvard.edu/abs/2016Natur.529...59S/abstract target=ref>Sing et al. 2016</a>"
"HD 209458 b",0.3247,0.0088,,,,,0.12240,"Hubble Space Telescope satellite","Space Telescope Imaging Spectrograph","<a refstr=SING_ET_AL__2016 href=https://ui.adsabs.harvard.edu/abs/2016Natur.529...59S/abstract target=ref>Sing et al. 2016</a>"
"HD 209458 b",0.3379,0.0044,,,,,0.12249,"Hubble Space Telescope satellite","Space Telescope Imaging Spectrograph","<a refstr=SING_ET_AL__2016 href=https://ui.adsabs.harvard.edu/abs/2016Natur.529...59S/abstract target=ref>Sing et al. 2016</a>"
"HD 209458 b",0.3467,0.0044,,,,,0.12258,"Hubble Space Telescope satellite","Space Telescope Imaging Spectrograph","<a refstr=SING_ET_AL__2016 href=https://ui.adsabs.harvard.edu/abs/2016Natur.529...59S/abstract target=ref>Sing et al. 2016</a>"
"HD 209458 b",0.3555,0.0044,,,,,0.12276,"Hubble Space Telescope satellite","Space Telescope Imaging Spectrograph","<a refstr=SING_ET_AL__2016 href=https://ui.adsabs.harvard.edu/abs/2016Natur.529...59S/abstract target=ref>Sing et al. 2016</a>"
"HD 209458 b",0.3643,0.0044,,,,,0.12281,"Hubble Space Telescope satellite","Space Telescope Imaging Spectrograph","<a refstr=SING_ET_AL__2016 href=https://ui.adsabs.harvard.edu/abs/2016Natur.529...59S/abstract target=ref>Sing et al. 2016</a>"
"HD 209458 b",0.3731,0.0044,,,,,0.12264,"Hubble Space Telescope satellite","Space Telescope Imaging Spectrograph","<a refstr=SING_ET_AL__2016 href=https://ui.adsabs.harvard.edu/abs/2016Natur.529...59S/abstract target=ref>Sing et al. 2016</a>"
"HD 209458 b",0.3797,0.0022,,,,,0.12168,"Hubble Space Telescope satellite","Space Telescope Imaging Spectrograph","<a refstr=SING_ET_AL__2016 href=https://ui.adsabs.harvard.edu/abs/2016Natur.529...59S/abstract target=ref>Sing et al. 2016</a>"
"HD 209458 b",0.3841,0.0022,,,,,0.12216,"Hubble Space Telescope satellite","Space Telescope Imaging Spectrograph","<a refstr=SING_ET_AL__2016 href=https://ui.adsabs.harvard.edu/abs/2016Natur.529...59S/abstract target=ref>Sing et al. 2016</a>"
"HD 209458 b",0.3885,0.0022,,,,,0.12243,"Hubble Space Telescope satellite","Space Telescope Imaging Spectrograph","<a refstr=SING_ET_AL__2016 href=https://ui.adsabs.harvard.edu/abs/2016Natur.529...59S/abstract target=ref>Sing et al. 2016</a>"
"HD 209458 b",0.3929,0.0022,,,,,0.12267,"Hubble Space Telescope satellite","Space Telescope Imaging Spectrograph","<a refstr=SING_ET_AL__2016 href=https://ui.adsabs.harvard.edu/abs/2016Natur.529...59S/abstract target=ref>Sing et al. 2016</a>"
"HD 209458 b",0.3973,0.0022,,,,,0.12151,"Hubble Space Telescope satellite","Space Telescope Imaging Spectrograph","<a refstr=SING_ET_AL__2016 href=https://ui.adsabs.harvard.edu/abs/2016Natur.529...59S/abstract target=ref>Sing et al. 2016</a>"
"HD 209458 b",0.4017,0.0022,,,,,0.12194,"Hubble Space Telescope satellite","Space Telescope Imaging Spectrograph","<a refstr=SING_ET_AL__2016 href=https://ui.adsabs.harvard.edu/abs/2016Natur.529...59S/abstract target=ref>Sing et al. 2016</a>"
"HD 209458 b",0.4061,0.0022,,,,,0.12209,"Hubble Space Telescope satellite","Space Telescope Imaging Spectrograph","<a refstr=SING_ET_AL__2016 href=https://ui.adsabs.harvard.edu/abs/2016Natur.529...59S/abstract target=ref>Sing et al. 2016</a>"
"HD 209458 b",0.4105,0.0022,,,,,0.12198,"Hubble Space Telescope satellite","Space Telescope Imaging Spectrograph","<a refstr=SING_ET_AL__2016 href=https://ui.adsabs.harvard.edu/abs/2016Natur.529...59S/abstract target=ref>Sing et al. 2016</a>"
"HD 209458 b",0.4149,0.0022,,,,,0.12177,"Hubble Space Telescope satellite","Space Telescope Imaging Spectrograph","<a refstr=SING_ET_AL__2016 href=https://ui.adsabs.harvard.edu/abs/2016Natur.529...59S/abstract target=ref>Sing et al. 2016</a>"
"HD 209458 b",0.4193,0.0022,,,,,0.12220,"Hubble Space Telescope satellite","Space Telescope Imaging Spectrograph","<a refstr=SING_ET_AL__2016 href=https://ui.adsabs.harvard.edu/abs/2016Natur.529...59S/abstract target=ref>Sing et al. 2016</a>"
"HD 209458 b",0.4237,0.0022,,,,,0.12163,"Hubble Space Telescope satellite","Space Telescope Imaging Spectrograph","<a refstr=SING_ET_AL__2016 href=https://ui.adsabs.harvard.edu/abs/2016Natur.529...59S/abstract target=ref>Sing et al. 2016</a>"
"HD 209458 b",0.4281,0.0022,,,,,0.12226,"Hubble Space Telescope satellite","Space Telescope Imaging Spectrograph","<a refstr=SING_ET_AL__2016 href=https://ui.adsabs.harvard.edu/abs/2016Natur.529...59S/abstract target=ref>Sing et al. 2016</a>"
"HD 209458 b",0.4325,0.0022,,,,,0.12157,"Hubble Space Telescope satellite","Space Telescope Imaging Spectrograph","<a refstr=SING_ET_AL__2016 href=https://ui.adsabs.harvard.edu/abs/2016Natur.529...59S/abstract target=ref>Sing et al. 2016</a>"
"HD 209458 b",0.4369,0.0022,,,,,0.12150,"Hubble Space Telescope satellite","Space Telescope Imaging Spectrograph","<a refstr=SING_ET_AL__2016 href=https://ui.adsabs.harvard.edu/abs/2016Natur.529...59S/abstract target=ref>Sing et al. 2016</a>"
"HD 209458 b",0.4413,0.0022,,,,,0.12124,"Hubble Space Telescope satellite","Space Telescope Imaging Spectrograph","<a refstr=SING_ET_AL__2016 href=https://ui.adsabs.harvard.edu/abs/2016Natur.529...59S/abstract target=ref>Sing et al. 2016</a>"
"HD 209458 b",0.4457,0.0022,,,,,0.12158,"Hubble Space Telescope satellite","Space Telescope Imaging Spectrograph","<a refstr=SING_ET_AL__2016 href=https://ui.adsabs.harvard.edu/abs/2016Natur.529...59S/abstract target=ref>Sing et al. 2016</a>"
"HD 209458 b",0.4501,0.0022,,,,,0.12202,"Hubble Space Telescope satellite","Space Telescope Imaging Spectrograph","<a refstr=SING_ET_AL__2016 href=https://ui.adsabs.harvard.edu/abs/2016Natur.529...59S/abstract target=ref>Sing et al. 2016</a>"
"HD 209458 b",0.4545,0.0022,,,,,0.12175,"Hubble Space Telescope satellite","Space Telescope Imaging Spectrograph","<a refstr=SING_ET_AL__2016 href=https://ui.adsabs.harvard.edu/abs/2016Natur.529...59S/abstract target=ref>Sing et al. 2016</a>"
"HD 209458 b",0.4589,0.0022,,,,,0.12148,"Hubble Space Telescope satellite","Space Telescope Imaging Spectrograph","<a refstr=SING_ET_AL__2016 href=https://ui.adsabs.harvard.edu/abs/2016Natur.529...59S/abstract target=ref>Sing et al. 2016</a>"
"HD 209458 b",0.4633,0.0022,,,,,0.12122,"Hubble Space Telescope satellite","Space Telescope Imaging Spectrograph","<a refstr=SING_ET_AL__2016 href=https://ui.adsabs.harvard.edu/abs/2016Natur.529...59S/abstract target=ref>Sing et al. 2016</a>"
"HD 209458 b",0.4677,0.0022,,,,,0.12179,"Hubble Space Telescope satellite","Space Telescope Imaging Spectrograph","<a refstr=SING_ET_AL__2016 href=https://ui.adsabs.harvard.edu/abs/2016Natur.529...59S/abstract target=ref>Sing et al. 2016</a>"
"HD 209458 b",0.4721,0.0022,,,,,0.12174,"Hubble Space Telescope satellite","Space Telescope Imaging Spectrograph","<a refstr=SING_ET_AL__2016 href=https://ui.adsabs.harvard.edu/abs/2016Natur.529...59S/abstract target=ref>Sing et al. 2016</a>"
"HD 209458 b",0.4765,0.0022,,,,,0.12148,"Hubble Space Telescope satellite","Space Telescope Imaging Spectrograph","<a refstr=SING_ET_AL__2016 href=https://ui.adsabs.harvard.edu/abs/2016Natur.529...59S/abstract target=ref>Sing et al. 2016</a>"
"HD 209458 b",0.4809,0.0022,,,,,0.12077,"Hubble Space Telescope satellite","Space Telescope Imaging Spectrograph","<a refstr=SING_ET_AL__2016 href=https://ui.adsabs.harvard.edu/abs/2016Natur.529...59S/abstract target=ref>Sing et al. 2016</a>"
"HD 209458 b",0.4853,0.0022,,,,,0.12164,"Hubble Space Telescope satellite","Space Telescope Imaging Spectrograph","<a refstr=SING_ET_AL__2016 href=https://ui.adsabs.harvard.edu/abs/2016Natur.529...59S/abstract target=ref>Sing et al. 2016</a>"
"HD 209458 b",0.4897,0.0022,,,,,0.12146,"Hubble Space Telescope satellite","Space Telescope Imaging Spectrograph","<a refstr=SING_ET_AL__2016 href=https://ui.adsabs.harvard.edu/abs/2016Natur.529...59S/abstract target=ref>Sing et al. 2016</a>"
"HD 209458 b",0.4941,0.0022,,,,,0.12091,"Hubble Space Telescope satellite","Space Telescope Imaging Spectrograph","<a refstr=SING_ET_AL__2016 href=https://ui.adsabs.harvard.edu/abs/2016Natur.529...59S/abstract target=ref>Sing et al. 2016</a>"
"HD 209458 b",0.4985,0.0022,,,,,0.12181,"Hubble Space Telescope satellite","Space Telescope Imaging Spectrograph","<a refstr=SING_ET_AL__2016 href=https://ui.adsabs.harvard.edu/abs/2016Natur.529...59S/abstract target=ref>Sing et al. 2016</a>"
"HD 209458 b",0.5029,0.0022,,,,,0.12172,"Hubble Space Telescope satellite","Space Telescope Imaging Spectrograph","<a refstr=SING_ET_AL__2016 href=https://ui.adsabs.harvard.edu/abs/2016Natur.529...59S/abstract target=ref>Sing et al. 2016</a>"
"HD 209458 b",0.5072,0.0022,,,,,0.12152,"Hubble Space Telescope satellite","Space Telescope Imaging Spectrograph","<a refstr=SING_ET_AL__2016 href=https://ui.adsabs.harvard.edu/abs/2016Natur.529...59S/abstract target=ref>Sing et al. 2016</a>"
"HD 209458 b",0.5116,0.0022,,,,,0.12111,"Hubble Space Telescope satellite","Space Telescope Imaging Spectrograph","<a refstr=SING_ET_AL__2016 href=https://ui.adsabs.harvard.edu/abs/2016Natur.529...59S/abstract target=ref>Sing et al. 2016</a>"
"HD 209458 b",0.5160,0.0022,,,,,0.12132,"Hubble Space Telescope satellite","Space Telescope Imaging Spectrograph","<a refstr=SING_ET_AL__2016 href=https://ui.adsabs.harvard.edu/abs/2016Natur.529...59S/abstract target=ref>Sing et al. 2016</a>"
"HD 209458 b",0.5204,0.0022,,,,,0.12102,"Hubble Space Telescope satellite","Space Telescope Imaging Spectrograph","<a refstr=SING_ET_AL__2016 href=https://ui.adsabs.harvard.edu/abs/2016Natur.529...59S/abstract target=ref>Sing et al. 2016</a>"
"HD 209458 b",0.5248,0.0022,,,,,0.12206,"Hubble Space Telescope satellite","Space Telescope Imaging Spectrograph","<a refstr=SING_ET_AL__2016 href=https://ui.adsabs.harvard.edu/abs/2016Natur.529...59S/abstract target=ref>Sing et al. 2016</a>"
"HD 209458 b",0.5292,0.0022,,,,,0.12099,"Hubble Space Telescope satellite","Space Telescope Imaging Spectrograph","<a refstr=SING_ET_AL__2016 href=https://ui.adsabs.harvard.edu/abs/2016Natur.529...59S/abstract target=ref>Sing et al. 2016</a>"
"HD 209458 b",0.5336,0.0022,,,,,0.12187,"Hubble Space Telescope satellite","Space Telescope Imaging Spectrograph","<a refstr=SING_ET_AL__2016 href=https://ui.adsabs.harvard.edu/abs/2016Natur.529...59S/abstract target=ref>Sing et al. 2016</a>"
"HD 209458 b",0.5380,0.0022,,,,,0.12140,"Hubble Space Telescope satellite","Space Telescope Imaging Spectrograph","<a refstr=SING_ET_AL__2016 href=https://ui.adsabs.harvard.edu/abs/2016Natur.529...59S/abstract target=ref>Sing et al. 2016</a>"
"HD 209458 b",0.5424,0.0022,,,,,0.12125,"Hubble Space Telescope satellite","Space Telescope Imaging Spectrograph","<a refstr=SING_ET_AL__2016 href=https://ui.adsabs.harvard.edu/abs/2016Natur.529...59S/abstract target=ref>Sing et al. 2016</a>"
"HD 209458 b",0.5453,0.0039,,,,,0.12277,"Hubble Space Telescope satellite","Space Telescope Imaging Spectrograph","<a refstr=SING_ET_AL__2016 href=https://ui.adsabs.harvard.edu/abs/2016Natur.529...59S/abstract target=ref>Sing et al. 2016</a>"
"HD 209458 b",0.5467,0.0022,,,,,0.12164,"Hubble Space Telescope satellite","Space Telescope Imaging Spectrograph","<a refstr=SING_ET_AL__2016 href=https://ui.adsabs.harvard.edu/abs/2016Natur.529...59S/abstract target=ref>Sing et al. 2016</a>"
"HD 209458 b",0.5511,0.0022,,,,,0.12180,"Hubble Space Telescope satellite","Space Telescope Imaging Spectrograph","<a refstr=SING_ET_AL__2016 href=https://ui.adsabs.harvard.edu/abs/2016Natur.529...59S/abstract target=ref>Sing et al. 2016</a>"
"HD 209458 b",0.5531,0.0039,,,,,0.12271,"Hubble Space Telescope satellite","Space Telescope Imaging Spectrograph","<a refstr=SING_ET_AL__2016 href=https://ui.adsabs.harvard.edu/abs/2016Natur.529...59S/abstract target=ref>Sing et al. 2016</a>"
"HD 209458 b",0.5555,0.0022,,,,,0.12118,"Hubble Space Telescope satellite","Space Telescope Imaging Spectrograph","<a refstr=SING_ET_AL__2016 href=https://ui.adsabs.harvard.edu/abs/2016Natur.529...59S/abstract target=ref>Sing et al. 2016</a>"
"HD 209458 b",0.5599,0.0022,,,,,0.12149,"Hubble Space Telescope satellite","Space Telescope Imaging Spectrograph","<a refstr=SING_ET_AL__2016 href=https://ui.adsabs.harvard.edu/abs/2016Natur.529...59S/abstract target=ref>Sing et al. 2016</a>"
"HD 209458 b",0.5609,0.0039,,,,,0.12221,"Hubble Space Telescope satellite","Space Telescope Imaging Spectrograph","<a refstr=SING_ET_AL__2016 href=https://ui.adsabs.harvard.edu/abs/2016Natur.529...59S/abstract target=ref>Sing et al. 2016</a>"
"HD 209458 b",0.5643,0.0022,,,,,0.12139,"Hubble Space Telescope satellite","Space Telescope Imaging Spectrograph","<a refstr=SING_ET_AL__2016 href=https://ui.adsabs.harvard.edu/abs/2016Natur.529...59S/abstract target=ref>Sing et al. 2016</a>"
"HD 209458 b",0.5685,0.0022,,,,,0.12124,"Hubble Space Telescope satellite","Space Telescope Imaging Spectrograph","<a refstr=SING_ET_AL__2016 href=https://ui.adsabs.harvard.edu/abs/2016Natur.529...59S/abstract target=ref>Sing et al. 2016</a>"
"HD 209458 b",0.5687,0.0039,,,,,0.12253,"Hubble Space Telescope satellite","Space Telescope Imaging Spectrograph","<a refstr=SING_ET_AL__2016 href=https://ui.adsabs.harvard.edu/abs/2016Natur.529...59S/abstract target=ref>Sing et al. 2016</a>"
"HD 209458 b",0.5765,0.0039,,,,,0.12114,"Hubble Space Telescope satellite","Space Telescope Imaging Spectrograph","<a refstr=SING_ET_AL__2016 href=https://ui.adsabs.harvard.edu/abs/2016Natur.529...59S/abstract target=ref>Sing et al. 2016</a>"
"HD 209458 b",0.5843,0.0039,,,,,0.12245,"Hubble Space Telescope satellite","Space Telescope Imaging Spectrograph","<a refstr=SING_ET_AL__2016 href=https://ui.adsabs.harvard.edu/abs/2016Natur.529...59S/abstract target=ref>Sing et al. 2016</a>"
"HD 209458 b",0.5921,0.0039,,,,,0.12219,"Hubble Space Telescope satellite","Space Telescope Imaging Spectrograph","<a refstr=SING_ET_AL__2016 href=https://ui.adsabs.harvard.edu/abs/2016Natur.529...59S/abstract target=ref>Sing et al. 2016</a>"
"HD 209458 b",0.5999,0.0039,,,,,0.12271,"Hubble Space Telescope satellite","Space Telescope Imaging Spectrograph","<a refstr=SING_ET_AL__2016 href=https://ui.adsabs.harvard.edu/abs/2016Natur.529...59S/abstract target=ref>Sing et al. 2016</a>"
"HD 209458 b",0.6077,0.0039,,,,,0.12187,"Hubble Space Telescope satellite","Space Telescope Imaging Spectrograph","<a refstr=SING_ET_AL__2016 href=https://ui.adsabs.harvard.edu/abs/2016Natur.529...59S/abstract target=ref>Sing et al. 2016</a>"
"HD 209458 b",0.6155,0.0039,,,,,0.12209,"Hubble Space Telescope satellite","Space Telescope Imaging Spectrograph","<a refstr=SING_ET_AL__2016 href=https://ui.adsabs.harvard.edu/abs/2016Natur.529...59S/abstract target=ref>Sing et al. 2016</a>"
"HD 209458 b",0.6233,0.0039,,,,,0.12227,"Hubble Space Telescope satellite","Space Telescope Imaging Spectrograph","<a refstr=SING_ET_AL__2016 href=https://ui.adsabs.harvard.edu/abs/2016Natur.529...59S/abstract target=ref>Sing et al. 2016</a>"
"HD 209458 b",0.6311,0.0039,,,,,0.12210,"Hubble Space Telescope satellite","Space Telescope Imaging Spectrograph","<a refstr=SING_ET_AL__2016 href=https://ui.adsabs.harvard.edu/abs/2016Natur.529...59S/abstract target=ref>Sing et al. 2016</a>"
"HD 209458 b",0.6389,0.0039,,,,,0.12191,"Hubble Space Telescope satellite","Space Telescope Imaging Spectrograph","<a refstr=SING_ET_AL__2016 href=https://ui.adsabs.harvard.edu/abs/2016Natur.529...59S/abstract target=ref>Sing et al. 2016</a>"
"HD 209458 b",0.6467,0.0039,,,,,0.12126,"Hubble Space Telescope satellite","Space Telescope Imaging Spectrograph","<a refstr=SING_ET_AL__2016 href=https://ui.adsabs.harvard.edu/abs/2016Natur.529...59S/abstract target=ref>Sing et al. 2016</a>"
"HD 209458 b",0.6545,0.0039,,,,,0.12082,"Hubble Space Telescope satellite","Space Telescope Imaging Spectrograph","<a refstr=SING_ET_AL__2016 href=https://ui.adsabs.harvard.edu/abs/2016Natur.529...59S/abstract target=ref>Sing et al. 2016</a>"
"HD 209458 b",0.6623,0.0039,,,,,0.12203,"Hubble Space Telescope satellite","Space Telescope Imaging Spectrograph","<a refstr=SING_ET_AL__2016 href=https://ui.adsabs.harvard.edu/abs/2016Natur.529...59S/abstract target=ref>Sing et al. 2016</a>"
"HD 209458 b",0.6702,0.0039,,,,,0.12071,"Hubble Space Telescope satellite","Space Telescope Imaging Spectrograph","<a refstr=SING_ET_AL__2016 href=https://ui.adsabs.harvard.edu/abs/2016Natur.529...59S/abstract target=ref>Sing et al. 2016</a>"
"HD 209458 b",0.6780,0.0039,,,,,0.12133,"Hubble Space Telescope satellite","Space Telescope Imaging Spectrograph","<a refstr=SING_ET_AL__2016 href=https://ui.adsabs.harvard.edu/abs/2016Natur.529...59S/abstract target=ref>Sing et al. 2016</a>"
"HD 209458 b",0.6858,0.0039,,,,,0.12159,"Hubble Space Telescope satellite","Space Telescope Imaging Spectrograph","<a refstr=SING_ET_AL__2016 href=https://ui.adsabs.harvard.edu/abs/2016Natur.529...59S/abstract target=ref>Sing et al. 2016</a>"
"HD 209458 b",0.6936,0.0039,,,,,0.12103,"Hubble Space Telescope satellite","Space Telescope Imaging Spectrograph","<a refstr=SING_ET_AL__2016 href=https://ui.adsabs.harvard.edu/abs/2016Natur.529...59S/abstract target=ref>Sing et al. 2016</a>"
"HD 209458 b",0.7014,0.0039,,,,,0.12151,"Hubble Space Telescope satellite","Space Telescope Imaging Spectrograph","<a refstr=SING_ET_AL__2016 href=https://ui.adsabs.harvard.edu/abs/2016Natur.529...59S/abstract target=ref>Sing et al. 2016</a>"
"HD 209458 b",0.7092,0.0039,,,,,0.12135,"Hubble Space Telescope satellite","Space Telescope Imaging Spectrograph","<a refstr=SING_ET_AL__2016 href=https://ui.adsabs.harvard.edu/abs/2016Natur.529...59S/abstract target=ref>Sing et al. 2016</a>"
"HD 209458 b",0.7170,0.0039,,,,,0.12092,"Hubble Space Telescope satellite","Space Telescope Imaging Spectrograph","<a refstr=SING_ET_AL__2016 href=https://ui.adsabs.harvard.edu/abs/2016Natur.529...59S/abstract target=ref>Sing et al. 2016</a>"
"HD 209458 b",0.7248,0.0039,,,,,0.12120,"Hubble Space Telescope satellite","Space Telescope Imaging Spectrograph","<a refstr=SING_ET_AL__2016 href=https://ui.adsabs.harvard.edu/abs/2016Natur.529...59S/abstract target=ref>Sing et al. 2016</a>"
"HD 209458 b",0.7327,0.0039,,,,,0.12131,"Hubble Space Telescope satellite","Space Telescope Imaging Spectrograph","<a refstr=SING_ET_AL__2016 href=https://ui.adsabs.harvard.edu/abs/2016Natur.529...59S/abstract target=ref>Sing et al. 2016</a>"
"HD 209458 b",0.7405,0.0039,,,,,0.12110,"Hubble Space Telescope satellite","Space Telescope Imaging Spectrograph","<a refstr=SING_ET_AL__2016 href=https://ui.adsabs.harvard.edu/abs/2016Natur.529...59S/abstract target=ref>Sing et al. 2016</a>"
"HD 209458 b",0.7483,0.0039,,,,,0.12078,"Hubble Space Telescope satellite","Space Telescope Imaging Spectrograph","<a refstr=SING_ET_AL__2016 href=https://ui.adsabs.harvard.edu/abs/2016Natur.529...59S/abstract target=ref>Sing et al. 2016</a>"
"HD 209458 b",0.7561,0.0039,,,,,0.12212,"Hubble Space Telescope satellite","Space Telescope Imaging Spectrograph","<a refstr=SING_ET_AL__2016 href=https://ui.adsabs.harvard.edu/abs/2016Natur.529...59S/abstract target=ref>Sing et al. 2016</a>"
"HD 209458 b",0.7639,0.0039,,,,,0.12159,"Hubble Space Telescope satellite","Space Telescope Imaging Spectrograph","<a refstr=SING_ET_AL__2016 href=https://ui.adsabs.harvard.edu/abs/2016Natur.529...59S/abstract target=ref>Sing et al. 2016</a>"
"HD 209458 b",0.7717,0.0039,,,,,0.12211,"Hubble Space Telescope satellite","Space Telescope Imaging Spectrograph","<a refstr=SING_ET_AL__2016 href=https://ui.adsabs.harvard.edu/abs/2016Natur.529...59S/abstract target=ref>Sing et al. 2016</a>"
"HD 209458 b",0.7796,0.0039,,,,,0.12122,"Hubble Space Telescope satellite","Space Telescope Imaging Spectrograph","<a refstr=SING_ET_AL__2016 href=https://ui.adsabs.harvard.edu/abs/2016Natur.529...59S/abstract target=ref>Sing et al. 2016</a>"
"HD 209458 b",0.7874,0.0039,,,,,0.12158,"Hubble Space Telescope satellite","Space Telescope Imaging Spectrograph","<a refstr=SING_ET_AL__2016 href=https://ui.adsabs.harvard.edu/abs/2016Natur.529...59S/abstract target=ref>Sing et al. 2016</a>"
"HD 209458 b",0.7952,0.0039,,,,,0.12171,"Hubble Space Telescope satellite","Space Telescope Imaging Spectrograph","<a refstr=SING_ET_AL__2016 href=https://ui.adsabs.harvard.edu/abs/2016Natur.529...59S/abstract target=ref>Sing et al. 2016</a>"
"HD 209458 b",0.8030,0.0039,,,,,0.12124,"Hubble Space Telescope satellite","Space Telescope Imaging Spectrograph","<a refstr=SING_ET_AL__2016 href=https://ui.adsabs.harvard.edu/abs/2016Natur.529...59S/abstract target=ref>Sing et al. 2016</a>"
"HD 209458 b",0.8108,0.0039,,,,,0.12117,"Hubble Space Telescope satellite","Space Telescope Imaging Spectrograph","<a refstr=SING_ET_AL__2016 href=https://ui.adsabs.harvard.edu/abs/2016Natur.529...59S/abstract target=ref>Sing et al. 2016</a>"
"HD 209458 b",0.8186,0.0039,,,,,0.12050,"Hubble Space Telescope satellite","Space Telescope Imaging Spectrograph","<a refstr=SING_ET_AL__2016 href=https://ui.adsabs.harvard.edu/abs/2016Natur.529...59S/abstract target=ref>Sing et al. 2016</a>"
"HD 209458 b",0.8264,0.0039,,,,,0.12180,"Hubble Space Telescope satellite","Space Telescope Imaging Spectrograph","<a refstr=SING_ET_AL__2016 href=https://ui.adsabs.harvard.edu/abs/2016Natur.529...59S/abstract target=ref>Sing et al. 2016</a>"
"HD 209458 b",0.8343,0.0039,,,,,0.12058,"Hubble Space Telescope satellite","Space Telescope Imaging Spectrograph","<a refstr=SING_ET_AL__2016 href=https://ui.adsabs.harvard.edu/abs/2016Natur.529...59S/abstract target=ref>Sing et al. 2016</a>"
"HD 209458 b",0.8538,0.0156,,,,,0.12159,"Hubble Space Telescope satellite","Space Telescope Imaging Spectrograph","<a refstr=SING_ET_AL__2016 href=https://ui.adsabs.harvard.edu/abs/2016Natur.529...59S/abstract target=ref>Sing et al. 2016</a>"
"HD 209458 b",0.8851,0.0156,,,,,0.12139,"Hubble Space Telescope satellite","Space Telescope Imaging Spectrograph","<a refstr=SING_ET_AL__2016 href=https://ui.adsabs.harvard.edu/abs/2016Natur.529...59S/abstract target=ref>Sing et al. 2016</a>"
"HD 209458 b",0.9163,0.0156,,,,,0.11988,"Hubble Space Telescope satellite","Space Telescope Imaging Spectrograph","<a refstr=SING_ET_AL__2016 href=https://ui.adsabs.harvard.edu/abs/2016Natur.529...59S/abstract target=ref>Sing et al. 2016</a>"
"HD 209458 b",0.9475,0.0156,,,,,0.12169,"Hubble Space Telescope satellite","Space Telescope Imaging Spectrograph","<a refstr=SING_ET_AL__2016 href=https://ui.adsabs.harvard.edu/abs/2016Natur.529...59S/abstract target=ref>Sing et al. 2016</a>"
"HD 209458 b",1.1190,,1.451270,0.005060,-0.005060,0,,"Hubble Space Telescope satellite","Wide Field Camera 3","<a refstr=DEMING_ET_AL__2013 href=https://ui.adsabs.harvard.edu/abs/2013ApJ...774...95D/abstract target=ref>Deming et al. 2013</a>"
"HD 209458 b",1.1217,0.0093,,,,,0.12093,"Hubble Space Telescope satellite","Wide Field Camera 3","<a refstr=SING_ET_AL__2016 href=https://ui.adsabs.harvard.edu/abs/2016Natur.529...59S/abstract target=ref>Sing et al. 2016</a>"
"HD 209458 b",1.1380,,1.454650,0.003550,-0.003550,0,,"Hubble Space Telescope satellite","Wide Field Camera 3","<a refstr=DEMING_ET_AL__2013 href=https://ui.adsabs.harvard.edu/abs/2013ApJ...774...95D/abstract target=ref>Deming et al. 2013</a>"
"HD 209458 b",1.1402,0.0093,,,,,0.12118,"Hubble Space Telescope satellite","Wide Field Camera 3","<a refstr=SING_ET_AL__2016 href=https://ui.adsabs.harvard.edu/abs/2016Natur.529...59S/abstract target=ref>Sing et al. 2016</a>"
"HD 209458 b",1.1570,,1.456630,0.003520,-0.003520,0,,"Hubble Space Telescope satellite","Wide Field Camera 3","<a refstr=DEMING_ET_AL__2013 href=https://ui.adsabs.harvard.edu/abs/2013ApJ...774...95D/abstract target=ref>Deming et al. 2013</a>"
"HD 209458 b",1.1588,0.0093,,,,,0.12102,"Hubble Space Telescope satellite","Wide Field Camera 3","<a refstr=SING_ET_AL__2016 href=https://ui.adsabs.harvard.edu/abs/2016Natur.529...59S/abstract target=ref>Sing et al. 2016</a>"
"HD 209458 b",1.1750,,1.452310,0.003460,-0.003460,0,,"Hubble Space Telescope satellite","Wide Field Camera 3","<a refstr=DEMING_ET_AL__2013 href=https://ui.adsabs.harvard.edu/abs/2013ApJ...774...95D/abstract target=ref>Deming et al. 2013</a>"
"HD 209458 b",1.1774,0.0093,,,,,0.12099,"Hubble Space Telescope satellite","Wide Field Camera 3","<a refstr=SING_ET_AL__2016 href=https://ui.adsabs.harvard.edu/abs/2016Natur.529...59S/abstract target=ref>Sing et al. 2016</a>"
"HD 209458 b",1.1940,,1.452870,0.003410,-0.003410,0,,"Hubble Space Telescope satellite","Wide Field Camera 3","<a refstr=DEMING_ET_AL__2013 href=https://ui.adsabs.harvard.edu/abs/2013ApJ...774...95D/abstract target=ref>Deming et al. 2013</a>"
"HD 209458 b",1.1959,0.0093,,,,,0.12096,"Hubble Space Telescope satellite","Wide Field Camera 3","<a refstr=SING_ET_AL__2016 href=https://ui.adsabs.harvard.edu/abs/2016Natur.529...59S/abstract target=ref>Sing et al. 2016</a>"
"HD 209458 b",1.2130,,1.454990,0.003370,-0.003370,0,,"Hubble Space Telescope satellite","Wide Field Camera 3","<a refstr=DEMING_ET_AL__2013 href=https://ui.adsabs.harvard.edu/abs/2013ApJ...774...95D/abstract target=ref>Deming et al. 2013</a>"
"HD 209458 b",1.2145,0.0093,,,,,0.12097,"Hubble Space Telescope satellite","Wide Field Camera 3","<a refstr=SING_ET_AL__2016 href=https://ui.adsabs.harvard.edu/abs/2016Natur.529...59S/abstract target=ref>Sing et al. 2016</a>"
"HD 209458 b",1.2320,,1.457180,0.003350,-0.003350,0,,"Hubble Space Telescope satellite","Wide Field Camera 3","<a refstr=DEMING_ET_AL__2013 href=https://ui.adsabs.harvard.edu/abs/2013ApJ...774...95D/abstract target=ref>Deming et al. 2013</a>"
"HD 209458 b",1.2330,0.0093,,,,,0.12084,"Hubble Space Telescope satellite","Wide Field Camera 3","<a refstr=SING_ET_AL__2016 href=https://ui.adsabs.harvard.edu/abs/2016Natur.529...59S/abstract target=ref>Sing et al. 2016</a>"
"HD 209458 b",1.2510,,1.453860,0.003360,-0.003360,0,,"Hubble Space Telescope satellite","Wide Field Camera 3","<a refstr=DEMING_ET_AL__2013 href=https://ui.adsabs.harvard.edu/abs/2013ApJ...774...95D/abstract target=ref>Deming et al. 2013</a>"
"HD 209458 b",1.2516,0.0093,,,,,0.12075,"Hubble Space Telescope satellite","Wide Field Camera 3","<a refstr=SING_ET_AL__2016 href=https://ui.adsabs.harvard.edu/abs/2016Natur.529...59S/abstract target=ref>Sing et al. 2016</a>"
"HD 209458 b",1.2700,,1.452220,0.003380,-0.003380,0,,"Hubble Space Telescope satellite","Wide Field Camera 3","<a refstr=DEMING_ET_AL__2013 href=https://ui.adsabs.harvard.edu/abs/2013ApJ...774...95D/abstract target=ref>Deming et al. 2013</a>"
"HD 209458 b",1.2702,0.0093,,,,,0.12081,"Hubble Space Telescope satellite","Wide Field Camera 3","<a refstr=SING_ET_AL__2016 href=https://ui.adsabs.harvard.edu/abs/2016Natur.529...59S/abstract target=ref>Sing et al. 2016</a>"
"HD 209458 b",1.2880,,1.453840,0.003370,-0.003370,0,,"Hubble Space Telescope satellite","Wide Field Camera 3","<a refstr=DEMING_ET_AL__2013 href=https://ui.adsabs.harvard.edu/abs/2013ApJ...774...95D/abstract target=ref>Deming et al. 2013</a>"
"HD 209458 b",1.2887,0.0093,,,,,0.12085,"Hubble Space Telescope satellite","Wide Field Camera 3","<a refstr=SING_ET_AL__2016 href=https://ui.adsabs.harvard.edu/abs/2016Natur.529...59S/abstract target=ref>Sing et al. 2016</a>"
"HD 209458 b",1.3070,,1.453590,0.003340,-0.003340,0,,"Hubble Space Telescope satellite","Wide Field Camera 3","<a refstr=DEMING_ET_AL__2013 href=https://ui.adsabs.harvard.edu/abs/2013ApJ...774...95D/abstract target=ref>Deming et al. 2013</a>"
"HD 209458 b",1.3073,0.0093,,,,,0.12072,"Hubble Space Telescope satellite","Wide Field Camera 3","<a refstr=SING_ET_AL__2016 href=https://ui.adsabs.harvard.edu/abs/2016Natur.529...59S/abstract target=ref>Sing et al. 2016</a>"
"HD 209458 b",1.3259,0.0093,,,,,0.12138,"Hubble Space Telescope satellite","Wide Field Camera 3","<a refstr=SING_ET_AL__2016 href=https://ui.adsabs.harvard.edu/abs/2016Natur.529...59S/abstract target=ref>Sing et al. 2016</a>"
"HD 209458 b",1.3260,,1.460450,0.003340,-0.003340,0,,"Hubble Space Telescope satellite","Wide Field Camera 3","<a refstr=DEMING_ET_AL__2013 href=https://ui.adsabs.harvard.edu/abs/2013ApJ...774...95D/abstract target=ref>Deming et al. 2013</a>"
"HD 209458 b",1.3444,0.0093,,,,,0.12180,"Hubble Space Telescope satellite","Wide Field Camera 3","<a refstr=SING_ET_AL__2016 href=https://ui.adsabs.harvard.edu/abs/2016Natur.529...59S/abstract target=ref>Sing et al. 2016</a>"
"HD 209458 b",1.3450,,1.468500,0.003350,-0.003350,0,,"Hubble Space Telescope satellite","Wide Field Camera 3","<a refstr=DEMING_ET_AL__2013 href=https://ui.adsabs.harvard.edu/abs/2013ApJ...774...95D/abstract target=ref>Deming et al. 2013</a>"
"HD 209458 b",1.3630,0.0093,,,,,0.12176,"Hubble Space Telescope satellite","Wide Field Camera 3","<a refstr=SING_ET_AL__2016 href=https://ui.adsabs.harvard.edu/abs/2016Natur.529...59S/abstract target=ref>Sing et al. 2016</a>"
"HD 209458 b",1.3640,,1.477900,0.003390,-0.003390,0,,"Hubble Space Telescope satellite","Wide Field Camera 3","<a refstr=DEMING_ET_AL__2013 href=https://ui.adsabs.harvard.edu/abs/2013ApJ...774...95D/abstract target=ref>Deming et al. 2013</a>"
"HD 209458 b",1.3815,0.0093,,,,,0.12166,"Hubble Space Telescope satellite","Wide Field Camera 3","<a refstr=SING_ET_AL__2016 href=https://ui.adsabs.harvard.edu/abs/2016Natur.529...59S/abstract target=ref>Sing et al. 2016</a>"
"HD 209458 b",1.3830,,1.475210,0.003440,-0.003440,0,,"Hubble Space Telescope satellite","Wide Field Camera 3","<a refstr=DEMING_ET_AL__2013 href=https://ui.adsabs.harvard.edu/abs/2013ApJ...774...95D/abstract target=ref>Deming et al. 2013</a>"
"HD 209458 b",1.4001,0.0093,,,,,0.12163,"Hubble Space Telescope satellite","Wide Field Camera 3","<a refstr=SING_ET_AL__2016 href=https://ui.adsabs.harvard.edu/abs/2016Natur.529...59S/abstract target=ref>Sing et al. 2016</a>"
"HD 209458 b",1.4010,,1.478880,0.003450,-0.003450,0,,"Hubble Space Telescope satellite","Wide Field Camera 3","<a refstr=DEMING_ET_AL__2013 href=https://ui.adsabs.harvard.edu/abs/2013ApJ...774...95D/abstract target=ref>Deming et al. 2013</a>"
"HD 209458 b",1.4187,0.0093,,,,,0.12134,"Hubble Space Telescope satellite","Wide Field Camera 3","<a refstr=SING_ET_AL__2016 href=https://ui.adsabs.harvard.edu/abs/2016Natur.529...59S/abstract target=ref>Sing et al. 2016</a>"
"HD 209458 b",1.4200,,1.470520,0.003470,-0.003470,0,,"Hubble Space Telescope satellite","Wide Field Camera 3","<a refstr=DEMING_ET_AL__2013 href=https://ui.adsabs.harvard.edu/abs/2013ApJ...774...95D/abstract target=ref>Deming et al. 2013</a>"
"HD 209458 b",1.4372,0.0093,,,,,0.12125,"Hubble Space Telescope satellite","Wide Field Camera 3","<a refstr=SING_ET_AL__2016 href=https://ui.adsabs.harvard.edu/abs/2016Natur.529...59S/abstract target=ref>Sing et al. 2016</a>"
"HD 209458 b",1.4390,,1.470170,0.003500,-0.003500,0,,"Hubble Space Telescope satellite","Wide Field Camera 3","<a refstr=DEMING_ET_AL__2013 href=https://ui.adsabs.harvard.edu/abs/2013ApJ...774...95D/abstract target=ref>Deming et al. 2013</a>"
"HD 209458 b",1.4558,0.0093,,,,,0.12142,"Hubble Space Telescope satellite","Wide Field Camera 3","<a refstr=SING_ET_AL__2016 href=https://ui.adsabs.harvard.edu/abs/2016Natur.529...59S/abstract target=ref>Sing et al. 2016</a>"
"HD 209458 b",1.4580,,1.467770,0.003540,-0.003540,0,,"Hubble Space Telescope satellite","Wide Field Camera 3","<a refstr=DEMING_ET_AL__2013 href=https://ui.adsabs.harvard.edu/abs/2013ApJ...774...95D/abstract target=ref>Deming et al. 2013</a>"
"HD 209458 b",1.4744,0.0093,,,,,0.12152,"Hubble Space Telescope satellite","Wide Field Camera 3","<a refstr=SING_ET_AL__2016 href=https://ui.adsabs.harvard.edu/abs/2016Natur.529...59S/abstract target=ref>Sing et al. 2016</a>"
"HD 209458 b",1.4770,,1.469510,0.003590,-0.003590,0,,"Hubble Space Telescope satellite","Wide Field Camera 3","<a refstr=DEMING_ET_AL__2013 href=https://ui.adsabs.harvard.edu/abs/2013ApJ...774...95D/abstract target=ref>Deming et al. 2013</a>"
"HD 209458 b",1.4929,0.0093,,,,,0.12133,"Hubble Space Telescope satellite","Wide Field Camera 3","<a refstr=SING_ET_AL__2016 href=https://ui.adsabs.harvard.edu/abs/2016Natur.529...59S/abstract target=ref>Sing et al. 2016</a>"
"HD 209458 b",1.4960,,1.472230,0.003640,-0.003640,0,,"Hubble Space Telescope satellite","Wide Field Camera 3","<a refstr=DEMING_ET_AL__2013 href=https://ui.adsabs.harvard.edu/abs/2013ApJ...774...95D/abstract target=ref>Deming et al. 2013</a>"
"HD 209458 b",1.5115,0.0093,,,,,0.12147,"Hubble Space Telescope satellite","Wide Field Camera 3","<a refstr=SING_ET_AL__2016 href=https://ui.adsabs.harvard.edu/abs/2016Natur.529...59S/abstract target=ref>Sing et al. 2016</a>"
"HD 209458 b",1.5150,,1.464140,0.003660,-0.003660,0,,"Hubble Space Telescope satellite","Wide Field Camera 3","<a refstr=DEMING_ET_AL__2013 href=https://ui.adsabs.harvard.edu/abs/2013ApJ...774...95D/abstract target=ref>Deming et al. 2013</a>"
"HD 209458 b",1.5300,0.0093,,,,,0.12143,"Hubble Space Telescope satellite","Wide Field Camera 3","<a refstr=SING_ET_AL__2016 href=https://ui.adsabs.harvard.edu/abs/2016Natur.529...59S/abstract target=ref>Sing et al. 2016</a>"
"HD 209458 b",1.5330,,1.467680,0.003710,-0.003710,0,,"Hubble Space Telescope satellite","Wide Field Camera 3","<a refstr=DEMING_ET_AL__2013 href=https://ui.adsabs.harvard.edu/abs/2013ApJ...774...95D/abstract target=ref>Deming et al. 2013</a>"
"HD 209458 b",1.5486,0.0093,,,,,0.12130,"Hubble Space Telescope satellite","Wide Field Camera 3","<a refstr=SING_ET_AL__2016 href=https://ui.adsabs.harvard.edu/abs/2016Natur.529...59S/abstract target=ref>Sing et al. 2016</a>"
"HD 209458 b",1.5520,,1.466620,0.003780,-0.003780,0,,"Hubble Space Telescope satellite","Wide Field Camera 3","<a refstr=DEMING_ET_AL__2013 href=https://ui.adsabs.harvard.edu/abs/2013ApJ...774...95D/abstract target=ref>Deming et al. 2013</a>"
"HD 209458 b",1.5672,0.0093,,,,,0.12141,"Hubble Space Telescope satellite","Wide Field Camera 3","<a refstr=SING_ET_AL__2016 href=https://ui.adsabs.harvard.edu/abs/2016Natur.529...59S/abstract target=ref>Sing et al. 2016</a>"
"HD 209458 b",1.5710,,1.464250,0.003860,-0.003860,0,,"Hubble Space Telescope satellite","Wide Field Camera 3","<a refstr=DEMING_ET_AL__2013 href=https://ui.adsabs.harvard.edu/abs/2013ApJ...774...95D/abstract target=ref>Deming et al. 2013</a>"
"HD 209458 b",1.5857,0.0093,,,,,0.12100,"Hubble Space Telescope satellite","Wide Field Camera 3","<a refstr=SING_ET_AL__2016 href=https://ui.adsabs.harvard.edu/abs/2016Natur.529...59S/abstract target=ref>Sing et al. 2016</a>"
"HD 209458 b",1.5900,,1.459410,0.003920,-0.003920,0,,"Hubble Space Telescope satellite","Wide Field Camera 3","<a refstr=DEMING_ET_AL__2013 href=https://ui.adsabs.harvard.edu/abs/2013ApJ...774...95D/abstract target=ref>Deming et al. 2013</a>"
"HD 209458 b",1.6043,0.0093,,,,,0.12114,"Hubble Space Telescope satellite","Wide Field Camera 3","<a refstr=SING_ET_AL__2016 href=https://ui.adsabs.harvard.edu/abs/2016Natur.529...59S/abstract target=ref>Sing et al. 2016</a>"
"HD 209458 b",1.6090,,1.453010,0.003990,-0.003990,0,,"Hubble Space Telescope satellite","Wide Field Camera 3","<a refstr=DEMING_ET_AL__2013 href=https://ui.adsabs.harvard.edu/abs/2013ApJ...774...95D/abstract target=ref>Deming et al. 2013</a>"
"HD 209458 b",1.6229,0.0093,,,,,0.12098,"Hubble Space Telescope satellite","Wide Field Camera 3","<a refstr=SING_ET_AL__2016 href=https://ui.adsabs.harvard.edu/abs/2016Natur.529...59S/abstract target=ref>Sing et al. 2016</a>"
"HD 209458 b",1.6280,,1.464210,0.004080,-0.004080,0,,"Hubble Space Telescope satellite","Wide Field Camera 3","<a refstr=DEMING_ET_AL__2013 href=https://ui.adsabs.harvard.edu/abs/2013ApJ...774...95D/abstract target=ref>Deming et al. 2013</a>"
"HD 209458 b",1.6391,0.0093,,,,,0.12083,"Hubble Space Telescope satellite","Wide Field Camera 3","<a refstr=SING_ET_AL__2016 href=https://ui.adsabs.harvard.edu/abs/2016Natur.529...59S/abstract target=ref>Sing et al. 2016</a>"
"HD 209458 b",3.5600,0.3800,,,,,0.12170,"Spitzer Space Telescope satellite","Infrared Array Camera (IRAC)","<a refstr=SING_ET_AL__2016 href=https://ui.adsabs.harvard.edu/abs/2016Natur.529...59S/abstract target=ref>Sing et al. 2016</a>"
"HD 209458 b",3.6000,,,,,,0.12077,"Spitzer Space Telescope satellite","IRAC","<a refstr=EVANS_ET_AL__2015 href=https://ui.adsabs.harvard.edu/abs/2015MNRAS.451..680E/abstract target=ref>Evans et al. 2015</a>"
"HD 209458 b",3.6000,,,,,,0.12220,"Spitzer Space Telescope satellite","IRAC","<a refstr=EVANS_ET_AL__2015 href=https://ui.adsabs.harvard.edu/abs/2015MNRAS.451..680E/abstract target=ref>Evans et al. 2015</a>"
"HD 209458 b",4.5000,,,,,,0.12199,"Spitzer Space Telescope satellite","IRAC","<a refstr=EVANS_ET_AL__2015 href=https://ui.adsabs.harvard.edu/abs/2015MNRAS.451..680E/abstract target=ref>Evans et al. 2015</a>"
"HD 209458 b",4.5000,0.5600,,,,,0.12108,"Spitzer Space Telescope satellite","Infrared Array Camera (IRAC)","<a refstr=SING_ET_AL__2016 href=https://ui.adsabs.harvard.edu/abs/2016Natur.529...59S/abstract target=ref>Sing et al. 2016</a>"
"HD 209458 b",4.5000,,,,,,0.12099,"Spitzer Space Telescope satellite","IRAC","<a refstr=EVANS_ET_AL__2015 href=https://ui.adsabs.harvard.edu/abs/2015MNRAS.451..680E/abstract target=ref>Evans et al. 2015</a>"
"HD 209458 b",5.8000,,,,,,0.11880,"Spitzer Space Telescope satellite","IRAC","<a refstr=EVANS_ET_AL__2015 href=https://ui.adsabs.harvard.edu/abs/2015MNRAS.451..680E/abstract target=ref>Evans et al. 2015</a>"
"HD 209458 b",5.8000,,,,,,0.12007,"Spitzer Space Telescope satellite","IRAC","<a refstr=EVANS_ET_AL__2015 href=https://ui.adsabs.harvard.edu/abs/2015MNRAS.451..680E/abstract target=ref>Evans et al. 2015</a>"
"HD 209458 b",8.0000,,,,,,0.11991,"Spitzer Space Telescope satellite","IRAC","<a refstr=EVANS_ET_AL__2015 href=https://ui.adsabs.harvard.edu/abs/2015MNRAS.451..680E/abstract target=ref>Evans et al. 2015</a>"
"HD 209458 b",8.0000,,,,,,0.12007,"Spitzer Space Telescope satellite","IRAC","<a refstr=EVANS_ET_AL__2015 href=https://ui.adsabs.harvard.edu/abs/2015MNRAS.451..680E/abstract target=ref>Evans et al. 2015</a>"
"TRAPPIST-1 g",1.1375,0.0175,,,,,0.75200,"Hubble Space Telescope satellite","Wide Field Camera 3","<a refstr=WAKEFORD_ET_AL__2019 href=https://ui.adsabs.harvard.edu/abs/2019AJ....157...11W/abstract target=ref>Wakeford et al. 2019</a>"
"TRAPPIST-1 g",1.1725,0.0175,,,,,0.76300,"Hubble Space Telescope satellite","Wide Field Camera 3","<a refstr=WAKEFORD_ET_AL__2019 href=https://ui.adsabs.harvard.edu/abs/2019AJ....157...11W/abstract target=ref>Wakeford et al. 2019</a>"
"TRAPPIST-1 g",1.2075,0.0175,,,,,0.76690,"Hubble Space Telescope satellite","Wide Field Camera 3","<a refstr=WAKEFORD_ET_AL__2019 href=https://ui.adsabs.harvard.edu/abs/2019AJ....157...11W/abstract target=ref>Wakeford et al. 2019</a>"
"TRAPPIST-1 g",1.2425,0.0175,,,,,0.77760,"Hubble Space Telescope satellite","Wide Field Camera 3","<a refstr=WAKEFORD_ET_AL__2019 href=https://ui.adsabs.harvard.edu/abs/2019AJ....157...11W/abstract target=ref>Wakeford et al. 2019</a>"
"TRAPPIST-1 g",1.2775,0.0175,,,,,0.78720,"Hubble Space Telescope satellite","Wide Field Camera 3","<a refstr=WAKEFORD_ET_AL__2019 href=https://ui.adsabs.harvard.edu/abs/2019AJ....157...11W/abstract target=ref>Wakeford et al. 2019</a>"
"TRAPPIST-1 g",1.3125,0.0175,,,,,0.77650,"Hubble Space Telescope satellite","Wide Field Camera 3","<a refstr=WAKEFORD_ET_AL__2019 href=https://ui.adsabs.harvard.edu/abs/2019AJ....157...11W/abstract target=ref>Wakeford et al. 2019</a>"
"TRAPPIST-1 g",1.3850,0.0250,,,,,0.80110,"Hubble Space Telescope satellite","Wide Field Camera 3","<a refstr=WAKEFORD_ET_AL__2019 href=https://ui.adsabs.harvard.edu/abs/2019AJ....157...11W/abstract target=ref>Wakeford et al. 2019</a>"
"TRAPPIST-1 g",1.4000,0.3000,,,,,0.77360,"Hubble Space Telescope satellite","Wide Field Camera 3","<a refstr=WAKEFORD_ET_AL__2019 href=https://ui.adsabs.harvard.edu/abs/2019AJ....157...11W/abstract target=ref>Wakeford et al. 2019</a>"
"TRAPPIST-1 g",1.4350,0.0250,,,,,0.77300,"Hubble Space Telescope satellite","Wide Field Camera 3","<a refstr=WAKEFORD_ET_AL__2019 href=https://ui.adsabs.harvard.edu/abs/2019AJ....157...11W/abstract target=ref>Wakeford et al. 2019</a>"
"TRAPPIST-1 g",1.4850,0.0250,,,,,0.77780,"Hubble Space Telescope satellite","Wide Field Camera 3","<a refstr=WAKEFORD_ET_AL__2019 href=https://ui.adsabs.harvard.edu/abs/2019AJ....157...11W/abstract target=ref>Wakeford et al. 2019</a>"
"TRAPPIST-1 g",1.5350,0.0250,,,,,0.73350,"Hubble Space Telescope satellite","Wide Field Camera 3","<a refstr=WAKEFORD_ET_AL__2019 href=https://ui.adsabs.harvard.edu/abs/2019AJ....157...11W/abstract target=ref>Wakeford et al. 2019</a>"
"TRAPPIST-1 g",1.5850,0.0250,,,,,0.79770,"Hubble Space Telescope satellite","Wide Field Camera 3","<a refstr=WAKEFORD_ET_AL__2019 href=https://ui.adsabs.harvard.edu/abs/2019AJ....157...11W/abstract target=ref>Wakeford et al. 2019</a>"
"TRAPPIST-1 g",1.6350,0.0250,,,,,0.77540,"Hubble Space Telescope satellite","Wide Field Camera 3","<a refstr=WAKEFORD_ET_AL__2019 href=https://ui.adsabs.harvard.edu/abs/2019AJ....157...11W/abstract target=ref>Wakeford et al. 2019</a>"
"WASP-12 b",0.3350,0.0900,,,,,0.12135,"Hubble Space Telescope satellite","Space Telescope Imaging Spectrograph","<a refstr=SING_ET_AL__2013 href=https://ui.adsabs.harvard.edu/abs/2013MNRAS.436.2956S/abstract target=ref> Sing et al. 2013</a>"
"WASP-12 b",0.3557,0.0599,1.420000,0.030000,-0.030000,0,,"Hubble Space Telescope satellite","Space Telescope Imaging Spectrograph","<a refstr=COPPERWHEAT_ET_AL__2013 href=https://ui.adsabs.harvard.edu/abs/2013MNRAS.434..661C/abstract target=ref>Copperwheat et al. 2013</a>"
"WASP-12 b",0.4050,0.0500,,,,,0.12000,"Hubble Space Telescope satellite","Space Telescope Imaging Spectrograph","<a refstr=SING_ET_AL__2013 href=https://ui.adsabs.harvard.edu/abs/2013MNRAS.436.2956S/abstract target=ref> Sing et al. 2013</a>"
"WASP-12 b",0.4169,0.0052,1.460000,0.040000,-0.040000,0,,"Hubble Space Telescope satellite","Space Telescope Imaging Spectrograph","<a refstr=COPPERWHEAT_ET_AL__2013 href=https://ui.adsabs.harvard.edu/abs/2013MNRAS.434..661C/abstract target=ref>Copperwheat et al. 2013</a>"
"WASP-12 b",0.5020,0.0440,,,,,0.12022,"Hubble Space Telescope satellite","Space Telescope Imaging Spectrograph","<a refstr=SING_ET_AL__2013 href=https://ui.adsabs.harvard.edu/abs/2013MNRAS.436.2956S/abstract target=ref> Sing et al. 2013</a>"
"WASP-12 b",0.5470,0.0460,,,,,0.12067,"Hubble Space Telescope satellite","Space Telescope Imaging Spectrograph","<a refstr=SING_ET_AL__2013 href=https://ui.adsabs.harvard.edu/abs/2013MNRAS.436.2956S/abstract target=ref> Sing et al. 2013</a>"
"WASP-12 b",0.5550,0.0500,,,,,0.11973,"Hubble Space Telescope satellite","Space Telescope Imaging Spectrograph","<a refstr=SING_ET_AL__2013 href=https://ui.adsabs.harvard.edu/abs/2013MNRAS.436.2956S/abstract target=ref> Sing et al. 2013</a>"
"WASP-12 b",0.6010,0.0118,1.430000,0.030000,-0.030000,0,,"Hubble Space Telescope satellite","Space Telescope Imaging Spectrograph","<a refstr=COPPERWHEAT_ET_AL__2013 href=https://ui.adsabs.harvard.edu/abs/2013MNRAS.434..661C/abstract target=ref>Copperwheat et al. 2013</a>"
"WASP-12 b",0.6050,0.0500,,,,,0.12012,"Hubble Space Telescope satellite","Space Telescope Imaging Spectrograph","<a refstr=SING_ET_AL__2013 href=https://ui.adsabs.harvard.edu/abs/2013MNRAS.436.2956S/abstract target=ref> Sing et al. 2013</a>"
"WASP-12 b",0.6550,0.0500,,,,,0.12033,"Hubble Space Telescope satellite","Space Telescope Imaging Spectrograph","<a refstr=SING_ET_AL__2013 href=https://ui.adsabs.harvard.edu/abs/2013MNRAS.436.2956S/abstract target=ref> Sing et al. 2013</a>"
"WASP-12 b",0.7050,0.0500,,,,,0.11925,"Hubble Space Telescope satellite","Space Telescope Imaging Spectrograph","<a refstr=SING_ET_AL__2013 href=https://ui.adsabs.harvard.edu/abs/2013MNRAS.436.2956S/abstract target=ref> Sing et al. 2013</a>"
"WASP-12 b",0.7280,0.0150,1.409000,0.021000,-0.021000,0,,"Hubble Space Telescope satellite","Wide Field Camera 3","<a refstr=STEVENSON_ET_AL__2014 href=https://ui.adsabs.harvard.edu/abs/2014AJ....147..161S/abstract target=ref>Stevenson et al. 2014</a>"
"WASP-12 b",0.7430,0.0150,1.441000,0.012000,-0.012000,0,,"Hubble Space Telescope satellite","Wide Field Camera 3","<a refstr=STEVENSON_ET_AL__2014 href=https://ui.adsabs.harvard.edu/abs/2014AJ....147..161S/abstract target=ref>Stevenson et al. 2014</a>"
"WASP-12 b",0.7570,0.0150,1.423000,0.006000,-0.006000,0,,"Hubble Space Telescope satellite","Wide Field Camera 3","<a refstr=STEVENSON_ET_AL__2014 href=https://ui.adsabs.harvard.edu/abs/2014AJ....147..161S/abstract target=ref>Stevenson et al. 2014</a>"
"WASP-12 b",0.7600,0.0600,,,,,0.11951,"Hubble Space Telescope satellite","Space Telescope Imaging Spectrograph","<a refstr=SING_ET_AL__2013 href=https://ui.adsabs.harvard.edu/abs/2013MNRAS.436.2956S/abstract target=ref> Sing et al. 2013</a>"
"WASP-12 b",0.7750,0.0150,1.417000,0.007000,-0.007000,0,,"Hubble Space Telescope satellite","Wide Field Camera 3","<a refstr=STEVENSON_ET_AL__2014 href=https://ui.adsabs.harvard.edu/abs/2014AJ....147..161S/abstract target=ref>Stevenson et al. 2014</a>"
"WASP-12 b",0.7900,0.0150,1.425000,0.008000,-0.008000,0,,"Hubble Space Telescope satellite","Wide Field Camera 3","<a refstr=STEVENSON_ET_AL__2014 href=https://ui.adsabs.harvard.edu/abs/2014AJ....147..161S/abstract target=ref>Stevenson et al. 2014</a>"
"WASP-12 b",0.8060,0.0150,1.441000,0.006000,-0.006000,0,,"Hubble Space Telescope satellite","Wide Field Camera 3","<a refstr=STEVENSON_ET_AL__2014 href=https://ui.adsabs.harvard.edu/abs/2014AJ....147..161S/abstract target=ref>Stevenson et al. 2014</a>"
"WASP-12 b",0.8200,0.0600,,,,,0.11947,"Hubble Space Telescope satellite","Space Telescope Imaging Spectrograph","<a refstr=SING_ET_AL__2013 href=https://ui.adsabs.harvard.edu/abs/2013MNRAS.436.2956S/abstract target=ref> Sing et al. 2013</a>"
"WASP-12 b",0.8240,0.0150,1.434000,0.006000,-0.006000,0,,"Hubble Space Telescope satellite","Wide Field Camera 3","<a refstr=STEVENSON_ET_AL__2014 href=https://ui.adsabs.harvard.edu/abs/2014AJ....147..161S/abstract target=ref>Stevenson et al. 2014</a>"
"WASP-12 b",0.8400,0.0150,1.411000,0.009000,-0.009000,0,,"Hubble Space Telescope satellite","Wide Field Camera 3","<a refstr=STEVENSON_ET_AL__2014 href=https://ui.adsabs.harvard.edu/abs/2014AJ....147..161S/abstract target=ref>Stevenson et al. 2014</a>"
"WASP-12 b",0.8540,0.0150,1.412000,0.007000,-0.007000,0,,"Hubble Space Telescope satellite","Wide Field Camera 3","<a refstr=STEVENSON_ET_AL__2014 href=https://ui.adsabs.harvard.edu/abs/2014AJ....147..161S/abstract target=ref>Stevenson et al. 2014</a>"
"WASP-12 b",0.8670,0.0580,1.444100,0.006900,-0.006900,0,,"Hubble Space Telescope satellite","Wide Field Camera 3","<a refstr=KREIDBERG_ET_AL__2015 href=https://ui.adsabs.harvard.edu/abs/2015ApJ...814...66K/abstract target=ref>Kreidberg et al. 2015</a>"
"WASP-12 b",0.8730,0.0150,1.418000,0.009000,-0.009000,0,,"Hubble Space Telescope satellite","Wide Field Camera 3","<a refstr=STEVENSON_ET_AL__2014 href=https://ui.adsabs.harvard.edu/abs/2014AJ....147..161S/abstract target=ref>Stevenson et al. 2014</a>"
"WASP-12 b",0.8870,0.0150,1.403000,0.008000,-0.008000,0,,"Hubble Space Telescope satellite","Wide Field Camera 3","<a refstr=STEVENSON_ET_AL__2014 href=https://ui.adsabs.harvard.edu/abs/2014AJ....147..161S/abstract target=ref>Stevenson et al. 2014</a>"
"WASP-12 b",0.9030,0.0150,1.404000,0.008000,-0.008000,0,,"Hubble Space Telescope satellite","Wide Field Camera 3","<a refstr=STEVENSON_ET_AL__2014 href=https://ui.adsabs.harvard.edu/abs/2014AJ....147..161S/abstract target=ref>Stevenson et al. 2014</a>"
"WASP-12 b",0.9230,0.0150,1.437000,0.008000,-0.008000,0,,"Hubble Space Telescope satellite","Wide Field Camera 3","<a refstr=STEVENSON_ET_AL__2014 href=https://ui.adsabs.harvard.edu/abs/2014AJ....147..161S/abstract target=ref>Stevenson et al. 2014</a>"
"WASP-12 b",0.9250,0.0580,1.442200,0.005500,-0.005500,0,,"Hubble Space Telescope satellite","Wide Field Camera 3","<a refstr=KREIDBERG_ET_AL__2015 href=https://ui.adsabs.harvard.edu/abs/2015ApJ...814...66K/abstract target=ref>Kreidberg et al. 2015</a>"
"WASP-12 b",0.9380,0.0150,1.429000,0.009000,-0.009000,0,,"Hubble Space Telescope satellite","Wide Field Camera 3","<a refstr=STEVENSON_ET_AL__2014 href=https://ui.adsabs.harvard.edu/abs/2014AJ....147..161S/abstract target=ref>Stevenson et al. 2014</a>"
"WASP-12 b",0.9400,0.1800,,,,,0.11967,"Hubble Space Telescope satellite","Space Telescope Imaging Spectrograph","<a refstr=SING_ET_AL__2013 href=https://ui.adsabs.harvard.edu/abs/2013MNRAS.436.2956S/abstract target=ref> Sing et al. 2013</a>"
"WASP-12 b",0.9520,0.0150,1.422000,0.014000,-0.014000,0,,"Hubble Space Telescope satellite","Wide Field Camera 3","<a refstr=STEVENSON_ET_AL__2014 href=https://ui.adsabs.harvard.edu/abs/2014AJ....147..161S/abstract target=ref>Stevenson et al. 2014</a>"
"WASP-12 b",0.9700,0.0150,1.476000,0.014000,-0.014000,0,,"Hubble Space Telescope satellite","Wide Field Camera 3","<a refstr=STEVENSON_ET_AL__2014 href=https://ui.adsabs.harvard.edu/abs/2014AJ....147..161S/abstract target=ref>Stevenson et al. 2014</a>"
"WASP-12 b",0.9830,0.0580,1.440200,0.005200,-0.005200,0,,"Hubble Space Telescope satellite","Wide Field Camera 3","<a refstr=KREIDBERG_ET_AL__2015 href=https://ui.adsabs.harvard.edu/abs/2015ApJ...814...66K/abstract target=ref>Kreidberg et al. 2015</a>"
"WASP-12 b",0.9850,0.0150,1.454000,0.011000,-0.011000,0,,"Hubble Space Telescope satellite","Wide Field Camera 3","<a refstr=STEVENSON_ET_AL__2014 href=https://ui.adsabs.harvard.edu/abs/2014AJ....147..161S/abstract target=ref>Stevenson et al. 2014</a>"
"WASP-12 b",1.0000,0.0150,1.424000,0.015000,-0.015000,0,,"Hubble Space Telescope satellite","Wide Field Camera 3","<a refstr=STEVENSON_ET_AL__2014 href=https://ui.adsabs.harvard.edu/abs/2014AJ....147..161S/abstract target=ref>Stevenson et al. 2014</a>"
"WASP-12 b",1.0410,0.0580,1.442800,0.005100,-0.005100,0,,"Hubble Space Telescope satellite","Wide Field Camera 3","<a refstr=KREIDBERG_ET_AL__2015 href=https://ui.adsabs.harvard.edu/abs/2015ApJ...814...66K/abstract target=ref>Kreidberg et al. 2015</a>"
"WASP-12 b",1.0995,0.0590,1.439100,0.005300,-0.005300,0,,"Hubble Space Telescope satellite","Wide Field Camera 3","<a refstr=KREIDBERG_ET_AL__2015 href=https://ui.adsabs.harvard.edu/abs/2015ApJ...814...66K/abstract target=ref>Kreidberg et al. 2015</a>"
"WASP-12 b",1.1250,0.0500,1.414000,0.013000,-0.013000,0,,"Hubble Space Telescope satellite","Wide Field Camera 3","<a refstr=STEVENSON_ET_AL__2014 href=https://ui.adsabs.harvard.edu/abs/2014AJ....147..161S/abstract target=ref>Stevenson et al. 2014</a>"
"WASP-12 b",1.1450,,1.413100,0.023500,-0.023500,0,,"Hubble Space Telescope satellite","Wide Field Camera 3","<a refstr=MANDELL_ET_AL__2013 href=https://ui.adsabs.harvard.edu/abs/2013ApJ...779..128M/abstract target=ref>Mandell et al. 2013</a>"
"WASP-12 b",1.1470,0.0700,1.438600,0.004700,-0.004700,0,,"Hubble Space Telescope satellite","Wide Field Camera 3","<a refstr=KREIDBERG_ET_AL__2015 href=https://ui.adsabs.harvard.edu/abs/2015ApJ...814...66K/abstract target=ref>Kreidberg et al. 2015</a>"
"WASP-12 b",1.1630,0.0520,,,,,0.11975,"Hubble Space Telescope satellite","Space Telescope Imaging Spectrograph","<a refstr=SING_ET_AL__2013 href=https://ui.adsabs.harvard.edu/abs/2013MNRAS.436.2956S/abstract target=ref> Sing et al. 2013</a>"
"WASP-12 b",1.1720,,1.421100,0.023200,-0.023200,0,,"Hubble Space Telescope satellite","Wide Field Camera 3","<a refstr=MANDELL_ET_AL__2013 href=https://ui.adsabs.harvard.edu/abs/2013ApJ...779..128M/abstract target=ref>Mandell et al. 2013</a>"
"WASP-12 b",1.1750,0.0500,1.378000,0.011000,-0.011000,0,,"Hubble Space Telescope satellite","Wide Field Camera 3","<a refstr=STEVENSON_ET_AL__2014 href=https://ui.adsabs.harvard.edu/abs/2014AJ....147..161S/abstract target=ref>Stevenson et al. 2014</a>"
"WASP-12 b",1.1990,,1.430200,0.022400,-0.022400,0,,"Hubble Space Telescope satellite","Wide Field Camera 3","<a refstr=MANDELL_ET_AL__2013 href=https://ui.adsabs.harvard.edu/abs/2013ApJ...779..128M/abstract target=ref>Mandell et al. 2013</a>"
"WASP-12 b",1.2150,0.0520,,,,,0.11902,"Hubble Space Telescope satellite","Space Telescope Imaging Spectrograph","<a refstr=SING_ET_AL__2013 href=https://ui.adsabs.harvard.edu/abs/2013MNRAS.436.2956S/abstract target=ref> Sing et al. 2013</a>"
"WASP-12 b",1.2165,0.0690,1.436500,0.004500,-0.004500,0,,"Hubble Space Telescope satellite","Wide Field Camera 3","<a refstr=KREIDBERG_ET_AL__2015 href=https://ui.adsabs.harvard.edu/abs/2015ApJ...814...66K/abstract target=ref>Kreidberg et al. 2015</a>"
"WASP-12 b",1.2250,0.0500,1.387000,0.010000,-0.010000,0,,"Hubble Space Telescope satellite","Wide Field Camera 3","<a refstr=STEVENSON_ET_AL__2014 href=https://ui.adsabs.harvard.edu/abs/2014AJ....147..161S/abstract target=ref>Stevenson et al. 2014</a>"
"WASP-12 b",1.2260,,1.441700,0.022600,-0.022600,0,,"Hubble Space Telescope satellite","Wide Field Camera 3","<a refstr=MANDELL_ET_AL__2013 href=https://ui.adsabs.harvard.edu/abs/2013ApJ...779..128M/abstract target=ref>Mandell et al. 2013</a>"
"WASP-12 b",1.2530,,1.437600,0.022400,-0.022400,0,,"Hubble Space Telescope satellite","Wide Field Camera 3","<a refstr=MANDELL_ET_AL__2013 href=https://ui.adsabs.harvard.edu/abs/2013ApJ...779..128M/abstract target=ref>Mandell et al. 2013</a>"
"WASP-12 b",1.2670,0.0520,,,,,0.11912,"Hubble Space Telescope satellite","Space Telescope Imaging Spectrograph","<a refstr=SING_ET_AL__2013 href=https://ui.adsabs.harvard.edu/abs/2013MNRAS.436.2956S/abstract target=ref> Sing et al. 2013</a>"
"WASP-12 b",1.2750,0.0500,1.361000,0.009000,-0.009000,0,,"Hubble Space Telescope satellite","Wide Field Camera 3","<a refstr=STEVENSON_ET_AL__2014 href=https://ui.adsabs.harvard.edu/abs/2014AJ....147..161S/abstract target=ref>Stevenson et al. 2014</a>"
"WASP-12 b",1.2810,,1.410300,0.023000,-0.023000,0,,"Hubble Space Telescope satellite","Wide Field Camera 3","<a refstr=MANDELL_ET_AL__2013 href=https://ui.adsabs.harvard.edu/abs/2013ApJ...779..128M/abstract target=ref>Mandell et al. 2013</a>"
"WASP-12 b",1.2855,0.0690,1.432700,0.004100,-0.004100,0,,"Hubble Space Telescope satellite","Wide Field Camera 3","<a refstr=KREIDBERG_ET_AL__2015 href=https://ui.adsabs.harvard.edu/abs/2015ApJ...814...66K/abstract target=ref>Kreidberg et al. 2015</a>"
"WASP-12 b",1.3080,,1.414300,0.020700,-0.020700,0,,"Hubble Space Telescope satellite","Wide Field Camera 3","<a refstr=MANDELL_ET_AL__2013 href=https://ui.adsabs.harvard.edu/abs/2013ApJ...779..128M/abstract target=ref>Mandell et al. 2013</a>"
"WASP-12 b",1.3190,0.0520,,,,,0.11829,"Hubble Space Telescope satellite","Space Telescope Imaging Spectrograph","<a refstr=SING_ET_AL__2013 href=https://ui.adsabs.harvard.edu/abs/2013MNRAS.436.2956S/abstract target=ref> Sing et al. 2013</a>"
"WASP-12 b",1.3250,0.0500,1.366000,0.010000,-0.010000,0,,"Hubble Space Telescope satellite","Wide Field Camera 3","<a refstr=STEVENSON_ET_AL__2014 href=https://ui.adsabs.harvard.edu/abs/2014AJ....147..161S/abstract target=ref>Stevenson et al. 2014</a>"
"WASP-12 b",1.3350,,1.438700,0.019000,-0.019000,0,,"Hubble Space Telescope satellite","Wide Field Camera 3","<a refstr=MANDELL_ET_AL__2013 href=https://ui.adsabs.harvard.edu/abs/2013ApJ...779..128M/abstract target=ref>Mandell et al. 2013</a>"
"WASP-12 b",1.3545,0.0690,1.458200,0.004000,-0.004000,0,,"Hubble Space Telescope satellite","Wide Field Camera 3","<a refstr=KREIDBERG_ET_AL__2015 href=https://ui.adsabs.harvard.edu/abs/2015ApJ...814...66K/abstract target=ref>Kreidberg et al. 2015</a>"
"WASP-12 b",1.3620,,1.433800,0.018600,-0.018600,0,,"Hubble Space Telescope satellite","Wide Field Camera 3","<a refstr=MANDELL_ET_AL__2013 href=https://ui.adsabs.harvard.edu/abs/2013ApJ...779..128M/abstract target=ref>Mandell et al. 2013</a>"
"WASP-12 b",1.3710,0.0520,,,,,0.11977,"Hubble Space Telescope satellite","Space Telescope Imaging Spectrograph","<a refstr=SING_ET_AL__2013 href=https://ui.adsabs.harvard.edu/abs/2013MNRAS.436.2956S/abstract target=ref> Sing et al. 2013</a>"
"WASP-12 b",1.3750,0.0500,1.388000,0.011000,-0.011000,0,,"Hubble Space Telescope satellite","Wide Field Camera 3","<a refstr=STEVENSON_ET_AL__2014 href=https://ui.adsabs.harvard.edu/abs/2014AJ....147..161S/abstract target=ref>Stevenson et al. 2014</a>"
"WASP-12 b",1.3890,,1.441900,0.022500,-0.022500,0,,"Hubble Space Telescope satellite","Wide Field Camera 3","<a refstr=MANDELL_ET_AL__2013 href=https://ui.adsabs.harvard.edu/abs/2013ApJ...779..128M/abstract target=ref>Mandell et al. 2013</a>"
"WASP-12 b",1.4160,,1.441400,0.020700,-0.020700,0,,"Hubble Space Telescope satellite","Wide Field Camera 3","<a refstr=MANDELL_ET_AL__2013 href=https://ui.adsabs.harvard.edu/abs/2013ApJ...779..128M/abstract target=ref>Mandell et al. 2013</a>"
"WASP-12 b",1.4230,0.0520,,,,,0.11913,"Hubble Space Telescope satellite","Space Telescope Imaging Spectrograph","<a refstr=SING_ET_AL__2013 href=https://ui.adsabs.harvard.edu/abs/2013MNRAS.436.2956S/abstract target=ref> Sing et al. 2013</a>"
"WASP-12 b",1.4235,0.0690,1.460000,0.004300,-0.004300,0,,"Hubble Space Telescope satellite","Wide Field Camera 3","<a refstr=KREIDBERG_ET_AL__2015 href=https://ui.adsabs.harvard.edu/abs/2015ApJ...814...66K/abstract target=ref>Kreidberg et al. 2015</a>"
"WASP-12 b",1.4250,0.0500,1.379000,0.011000,-0.011000,0,,"Hubble Space Telescope satellite","Wide Field Camera 3","<a refstr=STEVENSON_ET_AL__2014 href=https://ui.adsabs.harvard.edu/abs/2014AJ....147..161S/abstract target=ref>Stevenson et al. 2014</a>"
"WASP-12 b",1.4430,,1.432200,0.021700,-0.021700,0,,"Hubble Space Telescope satellite","Wide Field Camera 3","<a refstr=MANDELL_ET_AL__2013 href=https://ui.adsabs.harvard.edu/abs/2013ApJ...779..128M/abstract target=ref>Mandell et al. 2013</a>"
"WASP-12 b",1.4710,,1.450500,0.023700,-0.023700,0,,"Hubble Space Telescope satellite","Wide Field Camera 3","<a refstr=MANDELL_ET_AL__2013 href=https://ui.adsabs.harvard.edu/abs/2013ApJ...779..128M/abstract target=ref>Mandell et al. 2013</a>"
"WASP-12 b",1.4750,0.0520,,,,,0.11926,"Hubble Space Telescope satellite","Space Telescope Imaging Spectrograph","<a refstr=SING_ET_AL__2013 href=https://ui.adsabs.harvard.edu/abs/2013MNRAS.436.2956S/abstract target=ref> Sing et al. 2013</a>"
"WASP-12 b",1.4750,0.0500,1.395000,0.012000,-0.012000,0,,"Hubble Space Telescope satellite","Wide Field Camera 3","<a refstr=STEVENSON_ET_AL__2014 href=https://ui.adsabs.harvard.edu/abs/2014AJ....147..161S/abstract target=ref>Stevenson et al. 2014</a>"
"WASP-12 b",1.4925,0.0690,1.453000,0.004500,-0.004500,0,,"Hubble Space Telescope satellite","Wide Field Camera 3","<a refstr=KREIDBERG_ET_AL__2015 href=https://ui.adsabs.harvard.edu/abs/2015ApJ...814...66K/abstract target=ref>Kreidberg et al. 2015</a>"
"WASP-12 b",1.4980,,1.471900,0.023100,-0.023100,0,,"Hubble Space Telescope satellite","Wide Field Camera 3","<a refstr=MANDELL_ET_AL__2013 href=https://ui.adsabs.harvard.edu/abs/2013ApJ...779..128M/abstract target=ref>Mandell et al. 2013</a>"
"WASP-12 b",1.5240,,1.464500,0.022900,-0.022900,0,,"Hubble Space Telescope satellite","Wide Field Camera 3","<a refstr=MANDELL_ET_AL__2013 href=https://ui.adsabs.harvard.edu/abs/2013ApJ...779..128M/abstract target=ref>Mandell et al. 2013</a>"
"WASP-12 b",1.5250,0.0500,1.397000,0.012000,-0.012000,0,,"Hubble Space Telescope satellite","Wide Field Camera 3","<a refstr=STEVENSON_ET_AL__2014 href=https://ui.adsabs.harvard.edu/abs/2014AJ....147..161S/abstract target=ref>Stevenson et al. 2014</a>"
"WASP-12 b",1.5270,0.0520,,,,,0.11989,"Hubble Space Telescope satellite","Space Telescope Imaging Spectrograph","<a refstr=SING_ET_AL__2013 href=https://ui.adsabs.harvard.edu/abs/2013MNRAS.436.2956S/abstract target=ref> Sing et al. 2013</a>"
"WASP-12 b",1.5520,,1.470700,0.028600,-0.028600,0,,"Hubble Space Telescope satellite","Wide Field Camera 3","<a refstr=MANDELL_ET_AL__2013 href=https://ui.adsabs.harvard.edu/abs/2013ApJ...779..128M/abstract target=ref>Mandell et al. 2013</a>"
"WASP-12 b",1.5620,0.0700,1.447500,0.005800,-0.005800,0,,"Hubble Space Telescope satellite","Wide Field Camera 3","<a refstr=KREIDBERG_ET_AL__2015 href=https://ui.adsabs.harvard.edu/abs/2015ApJ...814...66K/abstract target=ref>Kreidberg et al. 2015</a>"
"WASP-12 b",1.5750,0.0500,1.359000,0.013000,-0.013000,0,,"Hubble Space Telescope satellite","Wide Field Camera 3","<a refstr=STEVENSON_ET_AL__2014 href=https://ui.adsabs.harvard.edu/abs/2014AJ....147..161S/abstract target=ref>Stevenson et al. 2014</a>"
"WASP-12 b",1.5790,,1.417000,0.029600,-0.029600,0,,"Hubble Space Telescope satellite","Wide Field Camera 3","<a refstr=MANDELL_ET_AL__2013 href=https://ui.adsabs.harvard.edu/abs/2013ApJ...779..128M/abstract target=ref>Mandell et al. 2013</a>"
"WASP-12 b",1.5790,0.0520,,,,,0.11849,"Hubble Space Telescope satellite","Space Telescope Imaging Spectrograph","<a refstr=SING_ET_AL__2013 href=https://ui.adsabs.harvard.edu/abs/2013MNRAS.436.2956S/abstract target=ref> Sing et al. 2013</a>"
"WASP-12 b",1.6060,,1.426400,0.032900,-0.032900,0,,"Hubble Space Telescope satellite","Wide Field Camera 3","<a refstr=MANDELL_ET_AL__2013 href=https://ui.adsabs.harvard.edu/abs/2013ApJ...779..128M/abstract target=ref>Mandell et al. 2013</a>"
"WASP-12 b",1.6250,0.0500,1.373000,0.013000,-0.013000,0,,"Hubble Space Telescope satellite","Wide Field Camera 3","<a refstr=STEVENSON_ET_AL__2014 href=https://ui.adsabs.harvard.edu/abs/2014AJ....147..161S/abstract target=ref>Stevenson et al. 2014</a>"
"WASP-12 b",1.6310,0.0520,,,,,0.11830,"Hubble Space Telescope satellite","Space Telescope Imaging Spectrograph","<a refstr=SING_ET_AL__2013 href=https://ui.adsabs.harvard.edu/abs/2013MNRAS.436.2956S/abstract target=ref> Sing et al. 2013</a>"
"WASP-12 b",1.6315,0.0690,1.433200,0.005500,-0.005500,0,,"Hubble Space Telescope satellite","Wide Field Camera 3","<a refstr=KREIDBERG_ET_AL__2015 href=https://ui.adsabs.harvard.edu/abs/2015ApJ...814...66K/abstract target=ref>Kreidberg et al. 2015</a>"
"WASP-12 b",1.6330,,1.407300,0.040000,-0.040000,0,,"Hubble Space Telescope satellite","Wide Field Camera 3","<a refstr=MANDELL_ET_AL__2013 href=https://ui.adsabs.harvard.edu/abs/2013ApJ...779..128M/abstract target=ref>Mandell et al. 2013</a>"
"WASP-12 b",3.6000,,,,,,0.11722,"Spitzer Space Telescope satellite","Infrared Array Camera (IRAC)","<a refstr=SING_ET_AL__2013 href=https://ui.adsabs.harvard.edu/abs/2013MNRAS.436.2956S/abstract target=ref> Sing et al. 2013</a>"
"WASP-12 b",3.6000,,1.341000,0.020000,-0.020000,0,,"Spitzer Space Telescope satellite","Infrared Array Camera (IRAC)","<a refstr=STEVENSON_ET_AL__2014 href=https://ui.adsabs.harvard.edu/abs/2014AJ....147..161S/abstract target=ref>Stevenson et al. 2014</a>"
"WASP-12 b",4.5000,,1.306000,0.031000,-0.031000,0,,"Spitzer Space Telescope satellite","Infrared Array Camera (IRAC)","<a refstr=STEVENSON_ET_AL__2014 href=https://ui.adsabs.harvard.edu/abs/2014AJ....147..161S/abstract target=ref>Stevenson et al. 2014</a>"
"WASP-12 b",4.5000,,,,,,0.11773,"Spitzer Space Telescope satellite","Infrared Array Camera (IRAC)","<a refstr=SING_ET_AL__2013 href=https://ui.adsabs.harvard.edu/abs/2013MNRAS.436.2956S/abstract target=ref> Sing et al. 2013</a>"
