pl_name,spec_type,authors,num_datapoints,instrument,facility,minwavelng,maxwavelng,note,bibcode
"AU Mic b","Transmission","Waalkes et al. 2026",42,"Wide Field Camera 3","Hubble Space Telescope satellite",0.8032,1.6285,"from Table 8; G102 and G141 combined; spectrum impacted by spot contamination/TLS effect.","2026arXiv260631281W"
"GJ 1214 b","Eclipse","Kempton et al. 2023",14,"Mid-Infrared Instrument (MIRI) - LRS","NASA 6.5m James Webb Space Telescope (JWST) Satellite Mission",5.2500,11.7500,,"2023Natur.620...67K"
"GJ 1214 b","Transmission","Bean et al. 2011",36,"MMIRS","Carnegie Institution for Science (CIS) 6.5m Landon Clay Telescope at Las Campanas Observatory (LCO)",0.6200,0.9950,,"2011ApJ...743...92B"
"GJ 1214 b","Transmission","Berta et al. 2012",24,"WFC3","Hubble Space Telescope satellite",1.1230,1.6560,,"2012ApJ...747...35B"
"GJ 1214 b","Transmission","C&aacute;ceres et al. 2014",1,"OSIRIS","The Southern Astrophysical Research Telescope",2.1400,2.1400,,"2014A&A...565A...7C"
"GJ 1214 b","Transmission","C&aacute;ceres et al. 2014",1,"SOI","The Southern Astrophysical Research Telescope",0.8665,0.8665,,"2014A&A...565A...7C"
"GJ 1214 b","Transmission","Croll et al. 2011",8,"WIRCam","Canada-France-Hawaii Telescope",1.2500,2.1500,,"2011ApJ...736...78C"
"GJ 1214 b","Transmission","D&eacute;sert et al. 2011",2,"Infrared Array Camera (IRAC)","Spitzer Space Telescope satellite",3.6000,4.5000,,"2011ApJ...731L..40D"
"GJ 1214 b","Transmission","Edwards et al. 2023",25,"Wide Field Camera 3","Hubble Space Telescope satellite",1.1262,1.6295,"G141","2023ApJS..269...31E"
"GJ 1214 b","Transmission","Gillon et al. 2014",4,"Infrared Array Camera (IRAC)","Spitzer Space Telescope satellite",3.6000,4.5000,,"2014A&A...563A..21G"
"GJ 1214 b","Transmission","Gillon et al. 2014",1,"TRAPPISTCam","European Southern Observatory (ESO) 0.6m TRAnsiting Planets and PlanetesImals Small Telescope (TRAPPIST) at La Silla Observatory",0.8380,0.8380,,"2014A&A...563A..21G"
"GJ 1214 b","Transmission","Kempton et al. 2023",14,"Mid-Infrared Instrument (MIRI) - LRS","NASA 6.5m James Webb Space Telescope (JWST) Satellite Mission",5.2817,11.7470,,"2023Natur.620...67K"
"GJ 1214 b","Transmission","Kreidberg et al. 2014",22,"Wide Field Camera 3","Hubble Space Telescope satellite",1.1465,1.6305,,"2014Natur.505...69K"
"GJ 1214 b","Transmission","Murgas et al. 2012",3,"OSIRIS","Gran Telescopio CANARIAS 10.4m telescope",0.6535,0.6620,,"2012A&A...544A..41M"
"GJ 1214 b","Transmission","Narita et al. 2013",3,"SIRIUS","Infrared Survey Facility",1.2500,2.1400,,"2013PASJ...65...27N"
"GJ 1214 b","Transmission","Nascimbeni et al. 2015",2,"LBC","Large Binocular Telescope Observatory",0.5000,0.7750,,"2015A&A...579A.113N"
"GJ 1214 b","Transmission","Rackham et al. 2017",14,"IMACS spectrograph","Magellan I Walter Baade Telescope",0.5078,0.9162,,"2017ApJ...834..151R"
"GJ 1214 b","Transmission","Schlawin et al. 2024",59,"Near Infrared Spectrograph (NIRSpec)","NASA 6.5m James Webb Space Telescope (JWST) Satellite Mission",2.7738,5.1269,"Eureka! reduction, NRS1+NRS2 Averaged","2024ApJ...974L..33S"
"GJ 1214 b","Transmission","Schlawin et al. 2024",59,"Near Infrared Spectrograph (NIRSpec)","NASA 6.5m James Webb Space Telescope (JWST) Satellite Mission",2.7738,5.1269,"Eureka! reduction, NRS1+NRS2 Visit 1","2024ApJ...974L..33S"
"GJ 1214 b","Transmission","Schlawin et al. 2024",59,"Near Infrared Spectrograph (NIRSpec)","NASA 6.5m James Webb Space Telescope (JWST) Satellite Mission",2.7738,5.1269,"Eureka! reduction, NRS1+NRS2 Visit 2","2024ApJ...974L..33S"
"GJ 1214 b","Transmission","Wilson et al. 2014",8,"OSIRIS","Gran Telescopio CANARIAS 10.4m telescope",0.8100,0.8850,,"2014MNRAS.438.2395W"
"GJ 1214 b","Transmission","de Mooij et al. 2012",4,"GROND","Max Planck Gesellschaft 2.2 meter Telescope at European Southern Observatory",0.4600,0.9000,,"2012A&A...538A..46D"
"GJ 1214 b","Transmission","de Mooij et al. 2012",1,"LIRIS","Isaac Newton Group (ING) 4.2m William Herschel Telescope (WHT) at Observatorio del Roque de los Muchachos",2.2700,2.2700,,"2012A&A...538A..46D"
"GJ 1214 b","Transmission","de Mooij et al. 2012",1,"NOTCam","Nordic Optical Telescope",2.1500,2.1500,,"2012A&A...538A..46D"
"GJ 1214 b","Transmission","de Mooij et al. 2012",2,"WFC","Isaac Newton Group's Isaac Newton Telescope",0.6300,0.8200,,"2012A&A...538A..46D"
"GJ 1214 b","Transmission","de Mooij et al. 2013",1,"WFC","Isaac Newton Group's Isaac Newton Telescope",0.4962,0.4962,,"2013ApJ...771..109D"
"GJ 1214 b","Transmission","de Mooij et al. 2013",1,"FORS","European Southern Observatory (ESO) 8.2m Very Large Telescope (VLT) Antu (UT1) at Paranal Observatory",0.4543,0.4543,,"2013ApJ...771..109D"
"GJ 1214 b","Transmission","de Mooij et al. 2013",1,"ACAM","Isaac Newton Group (ING) 4.2m William Herschel Telescope (WHT) at Observatorio del Roque de los Muchachos",0.4996,0.4996,,"2013ApJ...771..109D"
"HD 209458 b","Eclipse","Changeat et al. 2022",6,"Infrared Array Camera (IRAC)","Spitzer Space Telescope satellite",3.6000,24.0000,"Figure 2","2022ApJS..260....3C"
"HD 209458 b","Eclipse","Changeat et al. 2022",25,"Wide Field Camera 3","Hubble Space Telescope satellite",1.1263,1.6295,"Figure 2","2022ApJS..260....3C"
"HD 209458 b","Eclipse","Crossfield et al. 2012",1,"Multiband Imaging Photometer (MIPS)","Spitzer Space Telescope satellite",24.0000,24.0000,"B. temperature from abstract/text, not Table 5","2012ApJ...752...81C"
"HD 209458 b","Eclipse","Deming et al. 2023",1,"Infrared Array Camera (IRAC)","Spitzer Space Telescope satellite",4.5000,4.5000,"AOR = 44201728, date is start time.","2023AJ....165..104D"
"HD 209458 b","Eclipse","Deming et al. 2023",1,"Infrared Array Camera (IRAC)","Spitzer Space Telescope satellite",4.5000,4.5000,"AOR = 50489088, date is start time.","2023AJ....165..104D"
"HD 209458 b","Eclipse","Deming et al. 2023",1,"Infrared Array Camera (IRAC)","Spitzer Space Telescope satellite",4.5000,4.5000,"AOR = 38703872, date is start time.","2023AJ....165..104D"
"HD 209458 b","Eclipse","Deming et al. 2023",1,"Infrared Array Camera (IRAC)","Spitzer Space Telescope satellite",4.5000,4.5000,"AOR = 48014336, date is start time.","2023AJ....165..104D"
"HD 209458 b","Eclipse","Deming et al. 2023",1,"Infrared Array Camera (IRAC)","Spitzer Space Telescope satellite",4.5000,4.5000,"AOR = 38703616, date is start time.","2023AJ....165..104D"
"HD 209458 b","Eclipse","Deming et al. 2023",1,"Infrared Array Camera (IRAC)","Spitzer Space Telescope satellite",3.6000,3.6000,"AOR = 50800384, date is start time.","2023AJ....165..104D"
"HD 209458 b","Eclipse","Deming et al. 2023",1,"Infrared Array Camera (IRAC)","Spitzer Space Telescope satellite",3.6000,3.6000,"AOR = 50799872, date is start time.","2023AJ....165..104D"
"HD 209458 b","Eclipse","Deming et al. 2023",1,"Infrared Array Camera (IRAC)","Spitzer Space Telescope satellite",3.6000,3.6000,"AOR = 50496512, date is start time.","2023AJ....165..104D"
"HD 209458 b","Eclipse","Deming et al. 2023",1,"Infrared Array Camera (IRAC)","Spitzer Space Telescope satellite",3.6000,3.6000,"AOR = 50496256, date is start time.","2023AJ....165..104D"
"HD 209458 b","Eclipse","Deming et al. 2023",1,"Infrared Array Camera (IRAC)","Spitzer Space Telescope satellite",3.6000,3.6000,"AOR = 50496000, date is start time.","2023AJ....165..104D"
"HD 209458 b","Eclipse","Deming et al. 2023",1,"Infrared Array Camera (IRAC)","Spitzer Space Telescope satellite",3.6000,3.6000,"AOR = 50495744, date is start time.","2023AJ....165..104D"
"HD 209458 b","Eclipse","Deming et al. 2023",1,"Infrared Array Camera (IRAC)","Spitzer Space Telescope satellite",3.6000,3.6000,"AOR = 50492928, date is start time.","2023AJ....165..104D"
"HD 209458 b","Eclipse","Deming et al. 2023",1,"Infrared Array Camera (IRAC)","Spitzer Space Telescope satellite",3.6000,3.6000,"AOR = 48013824, date is start time.","2023AJ....165..104D"
"HD 209458 b","Eclipse","Deming et al. 2023",1,"Infrared Array Camera (IRAC)","Spitzer Space Telescope satellite",3.6000,3.6000,"AOR = 50494208, date is start time.","2023AJ....165..104D"
"HD 209458 b","Eclipse","Deming et al. 2023",1,"Infrared Array Camera (IRAC)","Spitzer Space Telescope satellite",3.6000,3.6000,"AOR = 50493440, date is start time.","2023AJ....165..104D"
"HD 209458 b","Eclipse","Deming et al. 2023",1,"Infrared Array Camera (IRAC)","Spitzer Space Telescope satellite",3.6000,3.6000,"AOR = 50495488, date is start time.","2023AJ....165..104D"
"HD 209458 b","Eclipse","Deming et al. 2023",1,"Infrared Array Camera (IRAC)","Spitzer Space Telescope satellite",3.6000,3.6000,"AOR = 50494976, date is start time.","2023AJ....165..104D"
"HD 209458 b","Eclipse","Deming et al. 2023",1,"Infrared Array Camera (IRAC)","Spitzer Space Telescope satellite",4.5000,4.5000,"AOR = 50489856, date is start time.","2023AJ....165..104D"
"HD 209458 b","Eclipse","Deming et al. 2023",1,"Infrared Array Camera (IRAC)","Spitzer Space Telescope satellite",4.5000,4.5000,"AOR = 50490112, date is start time.","2023AJ....165..104D"
"HD 209458 b","Eclipse","Deming et al. 2023",1,"Infrared Array Camera (IRAC)","Spitzer Space Telescope satellite",4.5000,4.5000,"AOR = 50490368, date is start time.","2023AJ....165..104D"
"HD 209458 b","Eclipse","Deming et al. 2023",1,"Infrared Array Camera (IRAC)","Spitzer Space Telescope satellite",4.5000,4.5000,"AOR = 50490624, date is start time.","2023AJ....165..104D"
"HD 209458 b","Eclipse","Deming et al. 2023",1,"Infrared Array Camera (IRAC)","Spitzer Space Telescope satellite",4.5000,4.5000,"AOR = 50490880, date is start time.","2023AJ....165..104D"
"HD 209458 b","Eclipse","Deming et al. 2023",1,"Infrared Array Camera (IRAC)","Spitzer Space Telescope satellite",3.6000,3.6000,"AOR = 41628416, date is start time.","2023AJ....165..104D"
"HD 209458 b","Eclipse","Deming et al. 2023",1,"Infrared Array Camera (IRAC)","Spitzer Space Telescope satellite",3.6000,3.6000,"AOR = 41629440, date is start time.","2023AJ....165..104D"
"HD 209458 b","Eclipse","Diamond-Lowe et al. 2014",4,"Infrared Array Camera (IRAC)","Spitzer Space Telescope satellite",3.6000,8.0000,"eclipse depth taken from Abstract","2014ApJ...796...66D"
"HD 209458 b","Eclipse","Evans et al. 2015",1,"Infrared Array Camera (IRAC)","Spitzer Space Telescope satellite",4.5000,4.5000,"Table 4, 2010 Jan 21","2015MNRAS.451..680E"
"HD 209458 b","Eclipse","Evans et al. 2015",1,"Infrared Array Camera (IRAC)","Spitzer Space Telescope satellite",8.0000,8.0000,"Table 4, 2007 Dec 25","2015MNRAS.451..680E"
"HD 209458 b","Eclipse","Evans et al. 2015",1,"Infrared Array Camera (IRAC)","Spitzer Space Telescope satellite",5.8000,5.8000,"Table 4, 2005 Nov 28","2015MNRAS.451..680E"
"HD 209458 b","Eclipse","Evans et al. 2015",1,"Infrared Array Camera (IRAC)","Spitzer Space Telescope satellite",3.6000,3.6000,"Table 4, 2014 Feb 17","2015MNRAS.451..680E"
"HD 209458 b","Eclipse","Kilpatrick et al. 2020",12,"Infrared Array Camera (IRAC)","Spitzer Space Telescope satellite",3.6000,3.6000,"from Table 4; channel 1; figure 3","2020AJ....159...51K"
"HD 209458 b","Eclipse","Kilpatrick et al. 2020",8,"Infrared Array Camera (IRAC)","Spitzer Space Telescope satellite",4.5000,4.5000,"from Table 4; channel 2; figure 3","2020AJ....159...51K"
"HD 209458 b","Eclipse","Knutson et al. 2008",4,"Infrared Array Camera (IRAC)","Spitzer Space Telescope satellite",3.6000,8.0000,"Table 1","2008ApJ...673..526K"
"HD 209458 b","Eclipse","Line et al. 2016",10,"Wide Field Camera 3","Hubble Space Telescope satellite",1.1510,1.6240,"Table 2","2016AJ....152..203L"
"HD 209458 b","Eclipse","Zellem et al. 2014",1,"Infrared Array Camera (IRAC)","Spitzer Space Telescope satellite",4.5000,4.5000,"eclipse depth taken from Abstract","2014ApJ...790...53Z"
"HD 209458 b","Transmission","Changeat et al. 2022",25,"Wide Field Camera 3","Hubble Space Telescope satellite",1.1263,1.6295,"Figure 2","2022ApJS..260....3C"
"HD 209458 b","Transmission","Deming et al. 2013",28,"Wide Field Camera 3","Hubble Space Telescope satellite",1.1190,1.6280,,"2013ApJ...774...95D"
"HD 209458 b","Transmission","Evans et al. 2015",8,"IRAC","Spitzer Space Telescope satellite",3.6000,8.0000,,"2015MNRAS.451..680E"
"HD 209458 b","Transmission","Panek et al. 2023",20,"Wide Field Camera 3","Hubble Space Telescope satellite",1.0994,1.6616,,"2023A&A...677A..51P"
"HD 209458 b","Transmission","Sing et al. 2016",93,"Space Telescope Imaging Spectrograph","Hubble Space Telescope satellite",0.3072,0.9475,,"2016Natur.529...59S"
"HD 209458 b","Transmission","Sing et al. 2016",29,"Wide Field Camera 3","Hubble Space Telescope satellite",1.1217,1.6391,,"2016Natur.529...59S"
"HD 209458 b","Transmission","Sing et al. 2016",2,"Infrared Array Camera (IRAC)","Spitzer Space Telescope satellite",3.5600,4.5000,,"2016Natur.529...59S"
"HD 209458 b","Transmission","Tsiaras et al. 2016",25,"Wide Field Camera 3","Hubble Space Telescope satellite",1.1270,1.6185,"from Table 3; G141 grism","2016ApJ...832..202T"
"HD 209458 b","Transmission","Xue et al. 2024",69,"Near Infrared Camera (NIRCam)","NASA 6.5m James Webb Space Telescope (JWST) Satellite Mission",2.3800,4.9800,"Figure 6, Eureka! pipeline","2024ApJ...963L...5X"
"HD 209458 b","Transmission","Xue et al. 2024",69,"Near Infrared Camera (NIRCam)","NASA 6.5m James Webb Space Telescope (JWST) Satellite Mission",2.3800,4.9800,"Figure 6, Sparta pipeline","2024ApJ...963L...5X"
"TRAPPIST-1 b","Eclipse","Ducrot et al. 2025",2,"Mid-Infrared Instrument (MIRI)","NASA 6.5m James Webb Space Telescope (JWST) Satellite Mission",12.8000,15.0000,"Fiducial Global Joint Fit (Extended Data Table 4)","2025NatAs...9..358D"
"TRAPPIST-1 b","Eclipse","Greene et al. 2023",1,"Mid-Infrared Instrument (MIRI)","NASA 6.5m James Webb Space Telescope (JWST) Satellite Mission",15.0000,15.0000,,"2023Natur.618...39G"
"TRAPPIST-1 b","Transmission","Rathcke et al. 2025",362,"Near Infrared Spectrograph (NIRSpec) - PRISM","NASA 6.5m James Webb Space Telescope (JWST) Satellite Mission",0.8031,5.1928,"Mid-Transit Times from Table 1","2025ApJ...979L..19R"
"TRAPPIST-1 b","Transmission","Zhang et al. 2018",12,"Wide Field Camera 3","Hubble Space Telescope satellite",1.1505,1.6613,"from Table 13; G141; transit 2","2018AJ....156..178Z"
"TRAPPIST-1 c","Eclipse","Zieba et al. 2023",1,"Mid-Infrared Instrument (MIRI)","NASA 6.5m James Webb Space Telescope (JWST) Satellite Mission",15.0000,15.0000,,"2023Natur.620..746Z"
"TRAPPIST-1 c","Transmission","Radica et al. 2025",26,"Near Infrared Imager and Slitless Spectrograph (NIRISS)","NASA 6.5m James Webb Space Telescope (JWST) Satellite Mission",0.7200,2.7700,"Table 3, Visit 1","2025ApJ...979L...5R"
"TRAPPIST-1 c","Transmission","Radica et al. 2025",26,"Near Infrared Imager and Slitless Spectrograph (NIRISS)","NASA 6.5m James Webb Space Telescope (JWST) Satellite Mission",0.7200,2.7700,"Table 3, Visit 2","2025ApJ...979L...5R"
"TRAPPIST-1 c","Transmission","Rathcke et al. 2025",362,"Near Infrared Spectrograph (NIRSpec) - PRISM","NASA 6.5m James Webb Space Telescope (JWST) Satellite Mission",0.8031,5.1928,"Mid-Transit Times from Table 1","2025ApJ...979L..19R"
"TRAPPIST-1 c","Transmission","Zhang et al. 2018",12,"Wide Field Camera 3","Hubble Space Telescope satellite",1.1505,1.6613,"from Table 13; G141; transit 1","2018AJ....156..178Z"
"TRAPPIST-1 d","Transmission","Piaulet-Ghorayeb et al. 2025",24,"Near Infrared Spectrograph (NIRSpec) - PRISM","NASA 6.5m James Webb Space Telescope (JWST) Satellite Mission",0.6960,4.9780,"Table B2, Visit 1","2025ApJ...989..181P"
"TRAPPIST-1 d","Transmission","Piaulet-Ghorayeb et al. 2025",24,"Near Infrared Spectrograph (NIRSpec) - PRISM","NASA 6.5m James Webb Space Telescope (JWST) Satellite Mission",0.6960,4.9780,"Table B2, Visit 2","2025ApJ...989..181P"
"TRAPPIST-1 d","Transmission","Zhang et al. 2018",12,"Wide Field Camera 3","Hubble Space Telescope satellite",1.1465,1.6572,"from Table 13; G141; transit 3","2018AJ....156..178Z"
"TRAPPIST-1 e","Transmission","Espinoza et al. 2025",67,"Near Infrared Spectrograph (NIRSpec) - PRISM","NASA 6.5m James Webb Space Telescope (JWST) Satellite Mission",0.6292,5.2084,"Figure 2, Visit 4","2025ApJ...990L..52E"
"TRAPPIST-1 e","Transmission","Espinoza et al. 2025",67,"Near Infrared Spectrograph (NIRSpec) - PRISM","NASA 6.5m James Webb Space Telescope (JWST) Satellite Mission",0.6292,5.2084,"Figure 2, Visit 2","2025ApJ...990L..52E"
"TRAPPIST-1 e","Transmission","Espinoza et al. 2025",67,"Near Infrared Spectrograph (NIRSpec) - PRISM","NASA 6.5m James Webb Space Telescope (JWST) Satellite Mission",0.6292,5.2084,"Figure 2, Visit 1","2025ApJ...990L..52E"
"TRAPPIST-1 e","Transmission","Espinoza et al. 2025",67,"Near Infrared Spectrograph (NIRSpec) - PRISM","NASA 6.5m James Webb Space Telescope (JWST) Satellite Mission",0.6292,5.2084,"Figure 2, Visit 3","2025ApJ...990L..52E"
"TRAPPIST-1 e","Transmission","Zhang et al. 2018",12,"Wide Field Camera 3","Hubble Space Telescope satellite",1.1442,1.6550,"from Table 13; G141; transit 7","2018AJ....156..178Z"
"TRAPPIST-1 e","Transmission","Zhang et al. 2018",12,"Wide Field Camera 3","Hubble Space Telescope satellite",1.1377,1.6485,"from Table 13; G141; transit 5","2018AJ....156..178Z"
"TRAPPIST-1 f","Transmission","Zhang et al. 2018",12,"Wide Field Camera 3","Hubble Space Telescope satellite",1.1408,1.6516,"from Table 13; G141; transit 6","2018AJ....156..178Z"
"TRAPPIST-1 g","Transmission","Wakeford et al. 2019",12,"Wide Field Camera 3","Hubble Space Telescope satellite",1.1375,1.6350,"Table 2, Joint Fit","2019AJ....157...11W"
"TRAPPIST-1 g","Transmission","Zhang et al. 2018",12,"Wide Field Camera 3","Hubble Space Telescope satellite",1.1377,1.6485,"from Table 13; G141; transit 4","2018AJ....156..178Z"
"TRAPPIST-1 h","Transmission","Gressier et al. 2022",18,"WFC3","Hubble Space Telescope satellite",1.1262,1.6237,"Table 2","2022A&A...658A.133G"
"WASP-12 b","Eclipse","Changeat et al. 2022",4,"Infrared Array Camera (IRAC)","Spitzer Space Telescope satellite",3.6000,8.0000,"Figure 2","2022ApJS..260....3C"
"WASP-12 b","Eclipse","Changeat et al. 2022",18,"Wide Field Camera 3","Hubble Space Telescope satellite",1.1262,1.6237,"Figure 2","2022ApJS..260....3C"
"WASP-12 b","Eclipse","Croll et al. 2011",3,"Wide-field Infrared Camera (WIRCam)","3.58m Canada-France-Hawaii Telescope (CFHT) at Mauna Kea Observatory",1.2530,2.1460,"eclipse depth taken from Abstract","2011AJ....141...30C"
"WASP-12 b","Eclipse","Croll et al. 2015",1,"WIRCam","3.58m Canada-France-Hawaii Telescope (CFHT) at Mauna Kea Observatory",1.0400,1.0400,"Table 5, WASP-12 Y band, Actual Eclipse Depth","2015ApJ...802...28C"
"WASP-12 b","Eclipse","Croll et al. 2015",1,"WIRCam","3.58m Canada-France-Hawaii Telescope (CFHT) at Mauna Kea Observatory",2.2200,2.2200,"Table 5, WASP-12 K_CONT band, Actual Eclipse Depth","2015ApJ...802...28C"
"WASP-12 b","Eclipse","Croll et al. 2015",1,"WIRCam","3.58m Canada-France-Hawaii Telescope (CFHT) at Mauna Kea Observatory",2.1500,2.1500,"Table 5, WASP-12 Ks band combined, Actual Eclipse","2015ApJ...802...28C"
"WASP-12 b","Eclipse","Crossfield et al. 2012",20,"SpeX","Infrared Telescope Facility",1.5375,2.3375,"Table 2","2012ApJ...746...46C"
"WASP-12 b","Eclipse","Deming et al. 2023",1,"Infrared Array Camera (IRAC)","Spitzer Space Telescope satellite",4.5000,4.5000,"AOR = 41587200, date is start time.","2023AJ....165..104D"
"WASP-12 b","Eclipse","Deming et al. 2023",1,"Infrared Array Camera (IRAC)","Spitzer Space Telescope satellite",4.5000,4.5000,"AOR = 41587456, date is start time.","2023AJ....165..104D"
"WASP-12 b","Eclipse","Deming et al. 2023",1,"Infrared Array Camera (IRAC)","Spitzer Space Telescope satellite",4.5000,4.5000,"AOR = 48015872, date is start time.","2023AJ....165..104D"
"WASP-12 b","Eclipse","Deming et al. 2023",1,"Infrared Array Camera (IRAC)","Spitzer Space Telescope satellite",4.5000,4.5000,"AOR = 66692608, date is start time.","2023AJ....165..104D"
"WASP-12 b","Eclipse","Deming et al. 2023",1,"Infrared Array Camera (IRAC)","Spitzer Space Telescope satellite",4.5000,4.5000,"AOR = 66692864, date is start time.","2023AJ....165..104D"
"WASP-12 b","Eclipse","Deming et al. 2023",1,"Infrared Array Camera (IRAC)","Spitzer Space Telescope satellite",4.5000,4.5000,"AOR = 28566016, date is start time.","2023AJ....165..104D"
"WASP-12 b","Eclipse","Deming et al. 2023",1,"Infrared Array Camera (IRAC)","Spitzer Space Telescope satellite",4.5000,4.5000,"AOR = 66693376, date is start time.","2023AJ....165..104D"
"WASP-12 b","Eclipse","Deming et al. 2023",1,"Infrared Array Camera (IRAC)","Spitzer Space Telescope satellite",4.5000,4.5000,"AOR = 66693120, date is start time.","2023AJ....165..104D"
"WASP-12 b","Eclipse","Deming et al. 2023",1,"Infrared Array Camera (IRAC)","Spitzer Space Telescope satellite",3.6000,3.6000,"AOR = 48015360, date is start time.","2023AJ....165..104D"
"WASP-12 b","Eclipse","Deming et al. 2023",1,"Infrared Array Camera (IRAC)","Spitzer Space Telescope satellite",3.6000,3.6000,"AOR = 48014848, date is start time.","2023AJ....165..104D"
"WASP-12 b","Eclipse","Deming et al. 2023",1,"Infrared Array Camera (IRAC)","Spitzer Space Telescope satellite",3.6000,3.6000,"AOR = 41260288, date is start time.","2023AJ....165..104D"
"WASP-12 b","Eclipse","Deming et al. 2023",1,"Infrared Array Camera (IRAC)","Spitzer Space Telescope satellite",4.5000,4.5000,"AOR = 39200000, date is start time.","2023AJ....165..104D"
"WASP-12 b","Eclipse","Deming et al. 2023",1,"Infrared Array Camera (IRAC)","Spitzer Space Telescope satellite",3.6000,3.6000,"AOR = 28578560, date is start time.","2023AJ....165..104D"
"WASP-12 b","Eclipse","Deming et al. 2023",1,"Infrared Array Camera (IRAC)","Spitzer Space Telescope satellite",3.6000,3.6000,"AOR = 39200768, date is start time.","2023AJ....165..104D"
"WASP-12 b","Eclipse","Deming et al. 2023",1,"Infrared Array Camera (IRAC)","Spitzer Space Telescope satellite",3.6000,3.6000,"AOR = 41260032, date is start time.","2023AJ....165..104D"
"WASP-12 b","Eclipse","Garhart et al. 2020",2,"Infrared Array Camera (IRAC)","Spitzer Space Telescope satellite",3.6000,4.5000,"Table 1 & 6","2020AJ....159..137G"
"WASP-12 b","Eclipse","L&oacute;pez-Morales et al. 2010",1,"Seaver Prototype Imaging camera (SPICam)","Astrophysical Research Consortium (ARC) 3.5m Telescope At Apache Point Observatory (APO)",0.9000,0.9000,"text, Section 3, 2nd paragraph","2010ApJ...716L..36L"
"WASP-12 b","Eclipse","Stevenson et al. 2014",11,"Wide Field Camera 3","Hubble Space Telescope satellite",1.1300,1.6300,"from Table 3; G141 grism","2014ApJ...791...36S"
"WASP-12 b","Eclipse","Stevenson et al. 2014",4,"Infrared Array Camera (IRAC)","Spitzer Space Telescope satellite",3.6000,8.0000,"Table 3","2014ApJ...791...36S"
"WASP-12 b","Eclipse","Swain et al. 2013",110,"Wide Field Camera 3","Hubble Space Telescope satellite",1.1306,1.6360,"from Table 2; G141 grism; R=300","2013Icar..225..432S"
"WASP-12 b","Transmission","Changeat et al. 2022",25,"Wide Field Camera 3","Hubble Space Telescope satellite",1.1262,1.6295,"Figure 2","2022ApJS..260....3C"
"WASP-12 b","Transmission","Copperwheat et al. 2013",3,"Space Telescope Imaging Spectrograph","Hubble Space Telescope satellite",0.3557,0.6010,,"2013MNRAS.434..661C"
"WASP-12 b","Transmission","Kreidberg et al. 2015",13,"Wide Field Camera 3","Hubble Space Telescope satellite",0.8670,1.6315,,"2015ApJ...814...66K"
"WASP-12 b","Transmission","Mandell et al. 2013",19,"Wide Field Camera 3","Hubble Space Telescope satellite",1.1450,1.6330,,"2013ApJ...779..128M"
"WASP-12 b","Transmission","Sing et al. 2013",2,"Infrared Array Camera (IRAC)","Spitzer Space Telescope satellite",3.6000,4.5000,,"2013MNRAS.436.2956S"
"WASP-12 b","Transmission","Sing et al. 2013",21,"Space Telescope Imaging Spectrograph","Hubble Space Telescope satellite",0.3350,1.6310,,"2013MNRAS.436.2956S"
"WASP-12 b","Transmission","Stevenson et al. 2014",29,"Wide Field Camera 3","Hubble Space Telescope satellite",0.7280,1.6250,,"2014AJ....147..161S"
"WASP-12 b","Transmission","Stevenson et al. 2014",2,"Infrared Array Camera (IRAC)","Spitzer Space Telescope satellite",3.6000,4.5000,,"2014AJ....147..161S"
"WASP-12 b","Transmission","Swain et al. 2013",110,"Wide Field Camera 3","Hubble Space Telescope satellite",1.1306,1.6360,"from Table 2; G141 grism; R=300","2013Icar..225..432S"
